"Domain","CustomerId","Action","Cancelled","Failed","AzureSkipped","Details"
"otuwacne104140.onmicrosoft.com","509053f4-22dc-4dde-b965-5d669e8a1824","SKIP","0","0","1","Only Azure subscriptions"
"otuwacne104139.onmicrosoft.com","942474ec-6b2f-48af-8956-813e59a0fbac","SKIP","0","0","1","Only Azure subscriptions"
"otuwacne104138.onmicrosoft.com","862d9112-26a5-4649-9c63-31d9e5ad48e5","SKIP","0","0","1","Only Azure subscriptions"
"otuwacne104137.onmicrosoft.com","5d13bb55-7cdc-4d58-827e-848a95692451","SKIP","0","0","1","Only Azure subscriptions"
"otuwacne104136.onmicrosoft.com","a8fc8585-f687-4d5f-ab86-984f726c4246","SKIP","0","0","1","Only Azure subscriptions"
"otuwacne104135.onmicrosoft.com","f84f45de-6be6-47cc-a149-5258f35d9cad","SKIP","0","0","1","Only Azure subscriptions"
"otuwacne104134.onmicrosoft.com","89f4f531-14b0-4cdd-83a7-310930a58532","SKIP","0","0","1","Only Azure subscriptions"
"otuwacne104133.onmicrosoft.com","e4a1f9f2-7af3-4974-98ab-9e83d5600a3a","SKIP","0","0","1","Only Azure subscriptions"
"otuwacne104132.onmicrosoft.com","8fe2827d-8b2b-4c93-bce5-a1551a1bd1dc","SKIP","0","0","1","Only Azure subscriptions"
"otuwacne104131.onmicrosoft.com","a6dc2572-7b77-42a2-9b4e-57ec5bd268d7","SKIP","0","0","1","Only Azure subscriptions"
"otuwacne104130.onmicrosoft.com","ee754bde-eecb-49cb-8803-67e9a400d10d","SKIP","0","0","1","Only Azure subscriptions"
"otuwacne104129.onmicrosoft.com","b0d477f6-1dc1-4c03-9c5d-c46e208a8a50","SKIP","0","0","1","Only Azure subscriptions"
"otuwacne104128.onmicrosoft.com","5f1d34cd-eb20-46cf-99a2-01730a781c47","SKIP","0","0","1","Only Azure subscriptions"
"otuwacne104127.onmicrosoft.com","238a79b4-9aed-4711-b036-b08ddb5a431c","SKIP","0","0","1","Only Azure subscriptions"
"otuwacne104126.onmicrosoft.com","1c5dca03-f1ac-4abf-a7af-087b59247da7","SKIP","0","0","1","Only Azure subscriptions"
"otuwacne104125.onmicrosoft.com","ecec07ef-7622-4d94-ada4-010a62cad57c","SKIP","0","0","1","Only Azure subscriptions"
"otuwacne104124.onmicrosoft.com","569fd133-643c-4170-a080-04dd78f906f7","SKIP","0","0","1","Only Azure subscriptions"
"otuwacne104123.onmicrosoft.com","c3800da4-49e2-448d-9aac-2288114a1bc2","SKIP","0","0","1","Only Azure subscriptions"
"otuwacne104122.onmicrosoft.com","6e05c535-b728-451c-9a0e-97db7f673313","SKIP","0","0","1","Only Azure subscriptions"
"otuwacne104121.onmicrosoft.com","fb1811e9-49d6-4f36-9cfa-9736068ff1c3","SKIP","0","0","1","Only Azure subscriptions"
"otuwacne104120.onmicrosoft.com","3893deb4-f0fb-4ed9-b757-e61dfa8b3e56","SKIP","0","0","1","Only Azure subscriptions"
"otuwacne104119.onmicrosoft.com","3be3e040-71c5-44fb-b4dc-7bef5c379b15","SKIP","0","0","1","Only Azure subscriptions"
"otuwacne104118.onmicrosoft.com","bda74783-ac25-4e0c-8819-7b3e5bb8a334","SKIP","0","0","1","Only Azure subscriptions"
"otuwacne104117.onmicrosoft.com","89488c30-61d2-4fe6-a3be-d6cd958e117e","SKIP","0","0","1","Only Azure subscriptions"
"otuwacne104116.onmicrosoft.com","071e107f-2c66-4d45-aba1-c89db3e330ad","SKIP","0","0","1","Only Azure subscriptions"
"otuwacne104115.onmicrosoft.com","a8a5bc5b-f340-4f94-8ccc-aa2584c9990c","SKIP","0","0","1","Only Azure subscriptions"
"otuwacne104114.onmicrosoft.com","1039fe82-b430-4ea1-8e5e-b480d95cd15a","SKIP","0","0","1","Only Azure subscriptions"
"otuwacne104113.onmicrosoft.com","a4746cf3-e9be-4060-9657-1aaa2af0012b","SKIP","0","0","1","Only Azure subscriptions"
"otuwacne104112.onmicrosoft.com","d40beacd-20c1-422b-853a-ef84450b9ac7","SKIP","0","0","1","Only Azure subscriptions"
"otuwacne104111.onmicrosoft.com","66ae8b26-1fa0-4041-8eb4-0379ab27cde7","SKIP","0","0","1","Only Azure subscriptions"
"otuwacne104110.onmicrosoft.com","87a94d19-c052-4609-a60b-d1b6e8780e72","SKIP","0","0","1","Only Azure subscriptions"
"otuwacne104109.onmicrosoft.com","40e3ec6d-6854-4956-b079-6c6422460edf","SKIP","0","0","1","Only Azure subscriptions"
"otuwacne104108.onmicrosoft.com","b275cdc4-7e0e-4120-9e01-ab42741fc6aa","SKIP","0","0","1","Only Azure subscriptions"
"otuwacne104107.onmicrosoft.com","36d0b1fc-cf54-4db5-bad9-52acf31bb1e3","SKIP","0","0","1","Only Azure subscriptions"
"otuwacne104106.onmicrosoft.com","da6307bd-eed0-4402-89b8-0f5cec6c93f3","SKIP","0","0","1","Only Azure subscriptions"
"otuwacne104105.onmicrosoft.com","7527fd43-9ae6-4828-8acb-1477c5b38822","SKIP","0","0","1","Only Azure subscriptions"
"otuwacne104104.onmicrosoft.com","24c99700-fdc7-45f8-a8c2-33c0c28abec8","SKIP","0","0","1","Only Azure subscriptions"
"otuwacne104103.onmicrosoft.com","cd16277f-fbbb-4f3b-8880-591e19913111","SKIP","0","0","1","Only Azure subscriptions"
"otuwacne104102.onmicrosoft.com","cd591841-6899-48ac-b3e5-cf74dcb8adce","SKIP","0","0","1","Only Azure subscriptions"
"otuwacne104101.onmicrosoft.com","89aad810-ad6f-4ff0-9d86-adbef742e953","SKIP","0","0","1","Only Azure subscriptions"
"otuwacne104100.onmicrosoft.com","ffa720c8-8323-40c0-beb7-05e89a8becbe","SKIP","0","0","1","Only Azure subscriptions"
"otuwacne104099.onmicrosoft.com","2854b0c5-6ea9-4a94-bd35-5d555e97d7c7","SKIP","0","0","1","Only Azure subscriptions"
"otuwacne104098.onmicrosoft.com","e4dd101a-fac1-44bb-a00e-90f9e6985165","SKIP","0","0","1","Only Azure subscriptions"
"otuwacne104097.onmicrosoft.com","b54d1da8-1c46-4fa0-971b-94c6ff10f50a","SKIP","0","0","1","Only Azure subscriptions"
"otuwacne104096.onmicrosoft.com","c4bf8931-ec00-4f7c-a81d-698796ab6b24","SKIP","0","0","1","Only Azure subscriptions"
"otuwacne104095.onmicrosoft.com","1d13c70e-5030-49dc-b89c-4d6c2d17ea82","SKIP","0","0","1","Only Azure subscriptions"
"otuwacne104094.onmicrosoft.com","e7007ca9-c6c8-42f7-afcb-741d10b928a8","SKIP","0","0","1","Only Azure subscriptions"
"otuwacne104093.onmicrosoft.com","614d81ce-ff26-41b6-9cbf-be7175ea33a1","SKIP","0","0","1","Only Azure subscriptions"
"otuwacne104092.onmicrosoft.com","12a022b4-b43f-489b-a469-80b71b114a0a","SKIP","0","0","1","Only Azure subscriptions"
"otuwacne104091.onmicrosoft.com","0fbb23d4-9235-4591-9781-ec45aeb4f751","SKIP","0","0","1","Only Azure subscriptions"
"otuwacne104090.onmicrosoft.com","3fb216ef-d15e-4bc1-b4e4-ff7df340a3c6","SKIP","0","0","1","Only Azure subscriptions"
"otuwacne104089.onmicrosoft.com","38b4320e-2914-4d39-a1b0-f84d5cd00b4c","SKIP","0","0","1","Only Azure subscriptions"
"otuwacne104088.onmicrosoft.com","13d54f97-dbc2-4bdc-8e63-73570156e316","SKIP","0","0","1","Only Azure subscriptions"
"otuwacne104087.onmicrosoft.com","41ebf7d4-d43f-4002-bf3c-a3e0a95602a9","SKIP","0","0","1","Only Azure subscriptions"
"otuwacne104086.onmicrosoft.com","f0d3645a-9cca-4708-8384-30e72a9ef7cb","SKIP","0","0","1","Only Azure subscriptions"
"otuwacne104085.onmicrosoft.com","b30055c9-27ae-4ede-ae7a-515d82f6e7d3","SKIP","0","0","1","Only Azure subscriptions"
"otuwacne104084.onmicrosoft.com","79c7b966-de31-442d-bf0b-3d88382e79e8","SKIP","0","0","1","Only Azure subscriptions"
"otuwacne104083.onmicrosoft.com","99e0ff93-035f-419c-ad2c-52c76c2771d0","SKIP","0","0","1","Only Azure subscriptions"
"otuwacne104082.onmicrosoft.com","5a54a022-ffd8-4b15-a641-cac2ba978e2f","SKIP","0","0","1","Only Azure subscriptions"
"otuwacne104081.onmicrosoft.com","88b000cc-65b0-45f9-a3d1-35d6fb306199","SKIP","0","0","1","Only Azure subscriptions"
"otuwacne104080.onmicrosoft.com","7fd4cc0d-5d0e-4e1a-8011-81369b1e6ab5","SKIP","0","0","1","Only Azure subscriptions"
"otuwacne104079.onmicrosoft.com","4c6c118e-ce79-4ac5-a042-b280b35a2701","SKIP","0","0","1","Only Azure subscriptions"
"otuwacne104078.onmicrosoft.com","9fe88f78-24f5-4678-8e17-9617d6a4e5e4","SKIP","0","0","1","Only Azure subscriptions"
"otuwacne104077.onmicrosoft.com","fffffc5f-ed67-423c-8df1-2731e736fdef","SKIP","0","0","1","Only Azure subscriptions"
"otuwacne104076.onmicrosoft.com","039b067a-d159-46ae-9491-a878b09a1854","SKIP","0","0","1","Only Azure subscriptions"
"otuwacne104075.onmicrosoft.com","59aec059-467b-4420-85f8-63a5999e240f","SKIP","0","0","1","Only Azure subscriptions"
"otuwacne104074.onmicrosoft.com","c34e3c3c-cdea-4df4-a9b2-a8f075d51414","SKIP","0","0","1","Only Azure subscriptions"
"otuwacne104073.onmicrosoft.com","eabd3472-cea8-44cc-bd41-11ce48ea1e28","SKIP","0","0","1","Only Azure subscriptions"
"otuwacne104072.onmicrosoft.com","8277c11b-f94a-4827-802e-f04c56130f91","SKIP","0","0","1","Only Azure subscriptions"
"otuwacne104071.onmicrosoft.com","0cc0aa9c-7cd6-491d-b049-cb2747f476e6","SKIP","0","0","1","Only Azure subscriptions"
"otuwacne104070.onmicrosoft.com","c5cd50e2-be0c-4bc9-807c-a3953ead2da4","SKIP","0","0","1","Only Azure subscriptions"
"otuwacne104069.onmicrosoft.com","4744ded2-5d95-4b46-8f14-0a84c08f71f5","CANCELLED","1","0","1","Targets=1; AzureSkipped=1"
"otuwacne104068.onmicrosoft.com","c7bdbea2-b9fb-4510-96b1-3ffa23d764bb","SKIP","0","0","1","Only Azure subscriptions"
"otuwacne104067.onmicrosoft.com","e4b42f53-aa42-47fb-b6c4-2094797b71e1","SKIP","0","0","1","Only Azure subscriptions"
"otuwacne104066.onmicrosoft.com","7be8c231-7762-4d04-9675-df54c78f4fd4","SKIP","0","0","1","Only Azure subscriptions"
"otuwacne104065.onmicrosoft.com","a8b6ff49-e6cc-4ef1-8fda-115562db64c2","SKIP","0","0","1","Only Azure subscriptions"
"otuwacne104064.onmicrosoft.com","3c536b65-eb06-4ed7-8faf-1c605ab94428","SKIP","0","0","1","Only Azure subscriptions"
"otuwacne104063.onmicrosoft.com","88f61366-25a3-4be2-8bc3-587b96d8155a","SKIP","0","0","1","Only Azure subscriptions"
"otuwacne104062.onmicrosoft.com","3c4ae842-3499-4b7a-8b1b-aa96a9247b84","SKIP","0","0","1","Only Azure subscriptions"
"otuwacne104061.onmicrosoft.com","381c927d-1cc2-4121-9356-a8353138f1fe","SKIP","0","0","1","Only Azure subscriptions"
"otuwacne104060.onmicrosoft.com","71264e9d-8293-4fd8-b009-bb3b3af5bc37","SKIP","0","0","1","Only Azure subscriptions"
"otuwacne104059.onmicrosoft.com","1b2c7d15-bec3-4910-a516-14ed6bf1c66a","SKIP","0","0","1","Only Azure subscriptions"
"otuwacne104058.onmicrosoft.com","13abbd0e-d7f3-46b2-8914-d99c3e4f0cff","SKIP","0","0","1","Only Azure subscriptions"
"otuwacne104057.onmicrosoft.com","291cd7a8-1ce2-416e-805c-737118443110","SKIP","0","0","1","Only Azure subscriptions"
"otuwacne104056.onmicrosoft.com","8ac6dc4a-d3d5-4056-a4a5-0a34ca2a815f","SKIP","0","0","1","Only Azure subscriptions"
"otuwacne104055.onmicrosoft.com","b71f388f-ad82-4a51-8320-9c46b50b3e0a","SKIP","0","0","1","Only Azure subscriptions"
"otuwacne104054.onmicrosoft.com","a985cbb7-88f9-4098-817b-17a0801f2665","SKIP","0","0","1","Only Azure subscriptions"
"otuwacne104053.onmicrosoft.com","98f9d77d-1215-4b90-9bbe-d392c883319e","SKIP","0","0","1","Only Azure subscriptions"
"otuwacne104052.onmicrosoft.com","0cce66b2-b2ae-44eb-95ad-f4f880d9c94a","SKIP","0","0","1","Only Azure subscriptions"
"otuwacne104051.onmicrosoft.com","bd1d8d04-fd95-4557-9f08-b06407244d6b","SKIP","0","0","1","Only Azure subscriptions"
"otuwacne104050.onmicrosoft.com","fa81e0b3-2438-4b7f-a25f-f5e9493c57a8","SKIP","0","0","1","Only Azure subscriptions"
"otuwacne104049.onmicrosoft.com","216fec35-ebc6-473a-aed4-bdf4c31facbf","CANCELLED","1","0","1","Targets=1; AzureSkipped=1"
"otuwacne104048.onmicrosoft.com","b2e3fd79-e86e-4740-b21f-cb615998630f","SKIP","0","0","1","Only Azure subscriptions"
"otuwacne104047.onmicrosoft.com","77734408-ac11-4178-b5ec-73630f2227b4","SKIP","0","0","1","Only Azure subscriptions"
"otuwacne104046.onmicrosoft.com","902bb837-e7fc-4a20-91f9-0081760ee9dd","SKIP","0","0","1","Only Azure subscriptions"
"otuwacne104045.onmicrosoft.com","19b58800-fcad-477c-9237-99743458566a","SKIP","0","0","1","Only Azure subscriptions"
"otuwacne104044.onmicrosoft.com","6c0a9d46-6173-4874-8714-50a1e1b94bf9","SKIP","0","0","1","Only Azure subscriptions"
"otuwacne104043.onmicrosoft.com","63dac623-08bb-451c-a622-347b19fa3253","SKIP","0","0","1","Only Azure subscriptions"
"otuwacne104042.onmicrosoft.com","d540b97b-ec12-4f42-bef5-79470a319815","SKIP","0","0","1","Only Azure subscriptions"
"otuwacne104041.onmicrosoft.com","79d1038c-f27a-4d93-bf0e-ee4d2fdae62b","SKIP","0","0","1","Only Azure subscriptions"
"otuwacne104040.onmicrosoft.com","ec241690-4987-4d99-85c3-5d250077e78b","SKIP","0","0","1","Only Azure subscriptions"
"otuwacne104039.onmicrosoft.com","cb986d18-9943-4824-831d-d38ee2ef2d3d","SKIP","0","0","1","Only Azure subscriptions"
"otuwacne104038.onmicrosoft.com","6b2cb526-38f0-4e01-89d7-02a077e7b346","SKIP","0","0","1","Only Azure subscriptions"
"otuwacne104037.onmicrosoft.com","54445e7b-b406-45a1-bc8b-7e18795721d2","CANCELLED","1","0","1","Targets=1; AzureSkipped=1"
"otuwacne104036.onmicrosoft.com","aea992f4-7e48-4c8d-90e6-164046a30ec4","SKIP","0","0","1","Only Azure subscriptions"
"otuwacne104035.onmicrosoft.com","a1f09864-e1dc-44a9-9378-80bcc319f819","SKIP","0","0","1","Only Azure subscriptions"
"otuwacne104034.onmicrosoft.com","eb81c46e-9dd7-4f98-923d-cde68124d5e3","SKIP","0","0","1","Only Azure subscriptions"
"otuwacne104033.onmicrosoft.com","f7d431d4-3384-4a3d-89b2-0e928854f53a","SKIP","0","0","1","Only Azure subscriptions"
"otuwacne104032.onmicrosoft.com","ffe9ac1a-80aa-4f11-a802-eddfd7e4dc4e","SKIP","0","0","1","Only Azure subscriptions"
"otuwacne104031.onmicrosoft.com","8f8ee0d0-6f48-4589-a959-830afad64bf9","SKIP","0","0","1","Only Azure subscriptions"
"otuwacne104030.onmicrosoft.com","e8658aab-b40a-4952-b974-a2c0d40e0008","SKIP","0","0","1","Only Azure subscriptions"
"otuwacne104029.onmicrosoft.com","6a2fa177-8ffa-47c2-8bba-93d3ad37643c","CANCELLED","1","0","1","Targets=1; AzureSkipped=1"
"otuwacne104028.onmicrosoft.com","ff4db708-d638-4bd7-92b0-6b2bc373d948","SKIP","0","0","1","Only Azure subscriptions"
"otuwacne104027.onmicrosoft.com","892cd6f7-5fd3-41d8-99e4-1eda6256d0b8","SKIP","0","0","1","Only Azure subscriptions"
"otuwacne104026.onmicrosoft.com","01f99e49-0638-4333-b5a3-1560757babaf","SKIP","0","0","1","Only Azure subscriptions"
"otuwacne104025.onmicrosoft.com","f3f22920-8bb0-40c6-bfbd-c42c4c4823ae","SKIP","0","0","1","Only Azure subscriptions"
"otuwacne104024.onmicrosoft.com","8137ac79-ecd3-44f2-902a-3d7047648cb8","SKIP","0","0","1","Only Azure subscriptions"
"otuwacne104023.onmicrosoft.com","e190d087-5aa7-49d3-aa85-7f5f3a557fad","SKIP","0","0","1","Only Azure subscriptions"
"otuwacne104022.onmicrosoft.com","2705ac40-4350-4221-bf79-cd4c2c0a410f","SKIP","0","0","1","Only Azure subscriptions"
"otuwacne104021.onmicrosoft.com","8826e5b0-5745-44da-b46e-7868826bbd9a","SKIP","0","0","1","Only Azure subscriptions"
"otuwacne104020.onmicrosoft.com","9c332479-62c7-4218-a9fd-1f8c771625ed","SKIP","0","0","1","Only Azure subscriptions"
"otuwacne104019.onmicrosoft.com","b27ea40b-42cb-4915-bc1c-998f0168e19e","SKIP","0","0","1","Only Azure subscriptions"
"otuwacne104018.onmicrosoft.com","0a090846-6267-45b6-bdfc-9f8482da1694","SKIP","0","0","1","Only Azure subscriptions"
"otuwacne104017.onmicrosoft.com","d5ee1bad-a8a6-4bf3-b56e-f06bbef38d6c","SKIP","0","0","1","Only Azure subscriptions"
"otuwacne104016.onmicrosoft.com","239b18f0-9f00-413c-9f28-7a4c89f9e489","SKIP","0","0","1","Only Azure subscriptions"
"otuwacne104015.onmicrosoft.com","c068eea7-73b6-4be9-b265-9289be35cd81","SKIP","0","0","1","Only Azure subscriptions"
"otuwacne104014.onmicrosoft.com","0a0495e4-e3f3-40ec-b90f-181fcaeeace2","SKIP","0","0","1","Only Azure subscriptions"
"otuwacne104013.onmicrosoft.com","740edb9c-e174-4938-a673-07f42776ef2a","SKIP","0","0","1","Only Azure subscriptions"
"otuwacne104012.onmicrosoft.com","06f6bca4-7cc0-4899-bd08-0c976894d165","SKIP","0","0","1","Only Azure subscriptions"
"otuwacne104011.onmicrosoft.com","715f4527-5dcc-462e-a7b9-dfbbb6be43e3","SKIP","0","0","1","Only Azure subscriptions"
"otuwacne104010.onmicrosoft.com","a38be04e-2bd5-4bad-b4fc-6ae2d4c429ef","SKIP","0","0","1","Only Azure subscriptions"
"otuwacne104009.onmicrosoft.com","dc7323a9-b2c3-4dbf-9d7e-59bc1832837d","SKIP","0","0","1","Only Azure subscriptions"
"otuwacne104008.onmicrosoft.com","20417043-3ea5-43ea-85b1-606301f03632","SKIP","0","0","1","Only Azure subscriptions"
"otuwacne104007.onmicrosoft.com","7feeb899-6bdc-4376-a909-452aba019ddd","SKIP","0","0","1","Only Azure subscriptions"
"otuwacne104006.onmicrosoft.com","c8361611-e905-4af9-b27b-4a0c19c7ab9d","SKIP","0","0","1","Only Azure subscriptions"
"otuwacne104005.onmicrosoft.com","77060ab6-f578-4346-ae1e-1b5e216db2ed","SKIP","0","0","1","Only Azure subscriptions"
"otuwacne104004.onmicrosoft.com","dcde1ddd-af2c-4b23-9ae5-d2a1fab7339f","SKIP","0","0","1","Only Azure subscriptions"
"otuwacne104003.onmicrosoft.com","8576e7cd-3097-4f8f-b95e-5fa90f62ded3","SKIP","0","0","1","Only Azure subscriptions"
"otuwacne104002.onmicrosoft.com","28a55a2c-82bd-4b23-9f46-15ec7498ae91","SKIP","0","0","1","Only Azure subscriptions"
"otuwacne104001.onmicrosoft.com","f228cb19-dd3b-46c2-8f83-26f187126f85","SKIP","0","0","1","Only Azure subscriptions"
"otuwacne104000.onmicrosoft.com","4d27db45-5247-434e-b486-cafa2a3e8cc1","SKIP","0","0","1","Only Azure subscriptions"
"otuwacne103999.onmicrosoft.com","0bbab552-d379-4e86-96e1-c86662064893","SKIP","0","0","1","Only Azure subscriptions"
"otuwacne103998.onmicrosoft.com","3ed144d1-0d90-40cb-9bb4-dbad7a874e74","SKIP","0","0","1","Only Azure subscriptions"
"otuwacne103997.onmicrosoft.com","a72d2241-6280-47be-a855-ea92aaf08ed6","SKIP","0","0","1","Only Azure subscriptions"
"otuwacne103996.onmicrosoft.com","ecc2d30e-95b3-41ef-b4b1-2f9f541a34ca","SKIP","0","0","1","Only Azure subscriptions"
"otuwacne103995.onmicrosoft.com","4b2446e0-e17b-4e53-92dc-27c96dbf052b","SKIP","0","0","1","Only Azure subscriptions"
"otuwacne103994.onmicrosoft.com","9497f345-2dc9-4aca-9581-03f973c0729b","SKIP","0","0","1","Only Azure subscriptions"
"otuwacne103993.onmicrosoft.com","515758fa-6df2-4d1c-ad7f-c6e92e29cd5a","SKIP","0","0","1","Only Azure subscriptions"
"otuwacne103992.onmicrosoft.com","d180178c-b0a7-4b4f-a760-c17d5432a050","SKIP","0","0","1","Only Azure subscriptions"
"otuwacne103991.onmicrosoft.com","13f4c7f8-6a94-417d-b9f1-5279cc5477a6","SKIP","0","0","1","Only Azure subscriptions"
"otuwacne103990.onmicrosoft.com","0fdff097-6981-49aa-a15d-b300e7a85553","SKIP","0","0","1","Only Azure subscriptions"
"otuwacne103989.onmicrosoft.com","7b89fd47-443d-426c-a9c3-ae01ee45bd46","SKIP","0","0","1","Only Azure subscriptions"
"otuwacne103988.onmicrosoft.com","6ad8c3d0-d2a5-4679-886a-62520920bc6b","SKIP","0","0","1","Only Azure subscriptions"
"otuwacne103987.onmicrosoft.com","d10bb18b-1445-4d3c-9013-b6816b01a14d","SKIP","0","0","1","Only Azure subscriptions"
"otuwacne103986.onmicrosoft.com","2f2346f5-7774-44af-bff8-48424e5098a4","SKIP","0","0","1","Only Azure subscriptions"
"otuwacne103985.onmicrosoft.com","1c7c5c7f-8a07-43d2-a34b-018e9dccf1b5","SKIP","0","0","1","Only Azure subscriptions"
"otuwacne103984.onmicrosoft.com","720321f9-abf7-4f35-b95f-865ea1129e66","SKIP","0","0","1","Only Azure subscriptions"
"otuwacne103983.onmicrosoft.com","6c747e2a-2cfa-4353-83c2-2f96e8658e7f","SKIP","0","0","1","Only Azure subscriptions"
"otuwacne103982.onmicrosoft.com","7545508a-37a3-4323-a237-a1163e932970","SKIP","0","0","1","Only Azure subscriptions"
"otuwacne103981.onmicrosoft.com","ee874972-3931-442f-94f1-194077ab5509","SKIP","0","0","1","Only Azure subscriptions"
"otuwacne103980.onmicrosoft.com","d0a39780-539a-4a6e-b2de-b736b0620bbf","SKIP","0","0","1","Only Azure subscriptions"
"otuwacne103979.onmicrosoft.com","5d6cad3a-51ac-4226-9127-86b1f2fd974f","SKIP","0","0","1","Only Azure subscriptions"
"otuwacne103978.onmicrosoft.com","996de039-3941-4d35-8d36-c1019a0c004e","SKIP","0","0","1","Only Azure subscriptions"
"otuwacne103977.onmicrosoft.com","3a6c6a6f-0ec1-41d3-ae2f-6c8619ccca0f","SKIP","0","0","1","Only Azure subscriptions"
"otuwacne103976.onmicrosoft.com","62ee6aee-b2fe-49e5-bf86-99d42ea82bcb","SKIP","0","0","1","Only Azure subscriptions"
"otuwacne103975.onmicrosoft.com","bebe3aa5-8e16-452a-83bb-be5947d6f98c","SKIP","0","0","1","Only Azure subscriptions"
"otuwacne103974.onmicrosoft.com","b784a8bb-38ad-4d23-91dc-6fa18f32aaf1","SKIP","0","0","1","Only Azure subscriptions"
"otuwacne103973.onmicrosoft.com","8397a0cc-e938-47e8-8eb6-10d147fa7c9a","SKIP","0","0","1","Only Azure subscriptions"
"otuwacne103972.onmicrosoft.com","c00a3fea-3972-4c63-a250-22a96d8af04d","SKIP","0","0","1","Only Azure subscriptions"
"otuwacne103971.onmicrosoft.com","ac3439e7-a87c-4d49-9ce6-e160f843b335","SKIP","0","0","1","Only Azure subscriptions"
"otuwacne103970.onmicrosoft.com","5260b566-f122-49c9-99ab-7916003b0980","SKIP","0","0","1","Only Azure subscriptions"
"otuwacne103969.onmicrosoft.com","581fb582-2f14-4377-9557-ceea0d409c08","SKIP","0","0","1","Only Azure subscriptions"
"otuwacne103968.onmicrosoft.com","088d64d3-fcc4-428f-bdc6-245bb6227182","SKIP","0","0","1","Only Azure subscriptions"
"otuwacne103967.onmicrosoft.com","d9a9476e-6d10-4d51-a667-f430c40a6db8","SKIP","0","0","1","Only Azure subscriptions"
"otuwacne103966.onmicrosoft.com","d87bdccf-295a-4082-bec6-1f9fe0657f8d","SKIP","0","0","1","Only Azure subscriptions"
"otuwacne103965.onmicrosoft.com","e5fa521c-34f2-451c-93ab-e275aa237515","SKIP","0","0","1","Only Azure subscriptions"
"otuwacne103964.onmicrosoft.com","bc496fd4-cbca-43f9-a157-682f299c41c2","SKIP","0","0","1","Only Azure subscriptions"
"otuwacne103963.onmicrosoft.com","0b23844d-215b-466f-8100-b03bbb5f3911","SKIP","0","0","1","Only Azure subscriptions"
"otuwacne103962.onmicrosoft.com","152c40d7-5a3a-4f32-af08-57fcc2287489","SKIP","0","0","1","Only Azure subscriptions"
"otuwacne103961.onmicrosoft.com","c373a689-4210-43eb-8365-62ceacf3c2d7","SKIP","0","0","1","Only Azure subscriptions"
"otuwacne103960.onmicrosoft.com","d3e105f7-469f-424d-8951-c83ac7cf597d","SKIP","0","0","1","Only Azure subscriptions"
"otuwacne103959.onmicrosoft.com","360ebf92-46dc-4d94-9c5b-2716e53460fc","SKIP","0","0","1","Only Azure subscriptions"
"otuwacne103958.onmicrosoft.com","39cc44fb-7d6d-477a-9d3e-8d297b8b7b27","SKIP","0","0","1","Only Azure subscriptions"
"otuwacne103957.onmicrosoft.com","a62bd3b3-81da-4d05-849f-7aa531392d00","SKIP","0","0","1","Only Azure subscriptions"
"otuwacne103956.onmicrosoft.com","265daf79-065a-4b05-8cff-f07a9c200303","SKIP","0","0","1","Only Azure subscriptions"
"otuwacne103955.onmicrosoft.com","d9baa514-5975-4392-b08f-664d3c0fea6f","SKIP","0","0","1","Only Azure subscriptions"
"otuwacne103954.onmicrosoft.com","7bfbd78a-45a0-4671-a309-c4fb32d5bc5a","SKIP","0","0","1","Only Azure subscriptions"
"otuwacne103953.onmicrosoft.com","cbbe8e31-df15-4f69-8758-49dd3fc41410","SKIP","0","0","1","Only Azure subscriptions"
"otuwacne103952.onmicrosoft.com","55fdf1aa-ad94-4198-ac1b-68717a4a8fc5","SKIP","0","0","1","Only Azure subscriptions"
"otuwacne103951.onmicrosoft.com","b61fd3b5-554d-4e28-8601-ed0dac162077","SKIP","0","0","1","Only Azure subscriptions"
"otuwacne103950.onmicrosoft.com","2c3790df-5ea3-4041-beae-f56d674c9dc6","SKIP","0","0","1","Only Azure subscriptions"
"otuwacne103949.onmicrosoft.com","b1ed5703-8bd0-4f81-ae98-ec3ef7c10c27","SKIP","0","0","1","Only Azure subscriptions"
"otuwacne103948.onmicrosoft.com","df7d81ec-95e7-47d4-9ed0-0d73ab04e3d0","SKIP","0","0","1","Only Azure subscriptions"
"otuwacne103947.onmicrosoft.com","76b4a96c-05d0-488d-9d65-d2f2c903dff6","SKIP","0","0","1","Only Azure subscriptions"
"otuwacne103946.onmicrosoft.com","ce2d853e-7aa7-4c09-9d3c-3ba7db826653","SKIP","0","0","1","Only Azure subscriptions"
"otuwacne103945.onmicrosoft.com","65b6c862-abe8-4775-bf1b-f04512114af1","SKIP","0","0","1","Only Azure subscriptions"
"otuwacne103944.onmicrosoft.com","d5a924ac-62cb-4f91-9584-8ad2ab51ee51","CANCELLED","1","0","1","Targets=1; AzureSkipped=1"
"otuwacne103943.onmicrosoft.com","d3a9e600-4ed8-451a-80b3-31db1ea4eaa1","CANCELLED","1","0","1","Targets=1; AzureSkipped=1"
"otuwacne103942.onmicrosoft.com","94906fc2-483b-4986-b9d9-60ba8aa3ad65","CANCELLED","1","0","1","Targets=1; AzureSkipped=1"
"otuwacne103941.onmicrosoft.com","f4527b2e-cdb1-4957-86b4-1f50ac972841","CANCELLED","1","0","1","Targets=1; AzureSkipped=1"
"otuwacne103940.onmicrosoft.com","2b455926-da39-4cae-b189-fac4ed293f80","CANCELLED","1","0","1","Targets=1; AzureSkipped=1"
"otuwacne103939.onmicrosoft.com","0ad6b347-2740-4979-af96-63127115f165","CANCELLED","1","0","1","Targets=1; AzureSkipped=1"
"otuwacne103938.onmicrosoft.com","6a55c4e8-7a10-4373-bec5-e132a847a54b","CANCELLED","1","0","1","Targets=1; AzureSkipped=1"
"otuwacne103937.onmicrosoft.com","91be7a1f-489d-411b-b325-6057a9c36c70","SKIP","0","0","1","Only Azure subscriptions"
"otuwacne103936.onmicrosoft.com","76dba37f-9699-4885-b9d9-ed852ae5f835","CANCELLED","1","0","1","Targets=1; AzureSkipped=1"
"otuwacne103935.onmicrosoft.com","d4832ddc-1212-49ce-bee5-a93fca8040c5","CANCELLED","1","0","1","Targets=1; AzureSkipped=1"
"otuwacne103934.onmicrosoft.com","c082ef81-04c3-40da-acb3-acc206ff1210","CANCELLED","1","0","1","Targets=1; AzureSkipped=1"
"otuwacne103933.onmicrosoft.com","cdb32e64-7227-4c22-8533-93ab591d62e0","CANCELLED","1","0","1","Targets=1; AzureSkipped=1"
"otuwacne103932.onmicrosoft.com","508cf1ab-b621-4af2-83a9-c7b3905126a3","CANCELLED","1","0","1","Targets=1; AzureSkipped=1"
"otuwacne103931.onmicrosoft.com","7fe98fbc-d0f4-4922-b365-4834e69463a9","CANCELLED","1","0","1","Targets=1; AzureSkipped=1"
"otuwacne103930.onmicrosoft.com","9539a55d-3f7e-497f-812c-549f0b02a0a9","SKIP","0","0","1","Only Azure subscriptions"
"otuwacne103929.onmicrosoft.com","2d32005e-debb-4307-9225-22c44c80b196","CANCELLED","1","0","1","Targets=1; AzureSkipped=1"
"otuwacne103928.onmicrosoft.com","0609e4d7-751c-4907-a300-be64411d9436","CANCELLED","1","0","1","Targets=1; AzureSkipped=1"
"otuwacne103927.onmicrosoft.com","1778b86d-7055-4ecb-9139-598f675ca101","CANCELLED","1","0","1","Targets=1; AzureSkipped=1"
"otuwacne103926.onmicrosoft.com","8432a64e-a339-4256-a33e-d61c099f3734","SKIP","0","0","1","Only Azure subscriptions"
"otuwacne103925.onmicrosoft.com","3ff9236f-a25e-4843-b191-898764f35a70","CANCELLED","1","0","1","Targets=1; AzureSkipped=1"
"otuwacne103924.onmicrosoft.com","ce9e87cb-eaae-4a44-8bef-df96334ed4f0","CANCELLED","1","0","1","Targets=1; AzureSkipped=1"
"otuwacne103923.onmicrosoft.com","1ef49286-1e9a-407f-8918-9a669b8d92de","PARTIAL/ERROR","0","4","1","Targets=4; AzureSkipped=1"
"otuwacne103922.onmicrosoft.com","d727d293-c771-4a04-b151-0d2a585cb2a8","CANCELLED","1","0","1","Targets=1; AzureSkipped=1"
"otuwacne103921.onmicrosoft.com","68eb9f36-7912-437e-9e62-08e46b15b0ac","CANCELLED","1","0","1","Targets=1; AzureSkipped=1"
"otuwacne103920.onmicrosoft.com","da9254b8-a2b9-4a50-991c-7888b6aaad09","CANCELLED","1","0","1","Targets=1; AzureSkipped=1"
"otuwacne103919.onmicrosoft.com","14082785-18ab-4187-b20b-298c462d8727","CANCELLED","1","0","1","Targets=1; AzureSkipped=1"
"otuwacne103918.onmicrosoft.com","a1100c26-f2b3-410d-890a-7c14aacf020b","CANCELLED","1","0","1","Targets=1; AzureSkipped=1"
"otuwacne103917.onmicrosoft.com","a23b8f48-de7b-466c-8526-66cfbbb84d36","CANCELLED","1","0","1","Targets=1; AzureSkipped=1"
"otuwacne103916.onmicrosoft.com","62658a69-d3c7-4cd0-bed7-5074dd2112dd","PARTIAL/ERROR","0","1","1","Targets=1; AzureSkipped=1"
"otuwamsb105230.onmicrosoft.com","5844448d-914f-4e92-bbb1-f1593f977add","ERROR","0","1","0","An error occurred while sending the request."
"otuwamsb105229.onmicrosoft.com","c82756c7-718c-474b-b771-7232a176bf91","ERROR","0","1","0","An error occurred while sending the request."
"otuwamsb105228.onmicrosoft.com","84b99fa8-3247-415c-9851-d27a10766a5e","SKIP","0","0","1","Only Azure subscriptions"
"otuwamsb105226.onmicrosoft.com","81f5bf38-3fed-4f42-bdcd-5c77867cd621","SKIP","0","0","1","Only Azure subscriptions"
"otuwamsb105225.onmicrosoft.com","3e6f0842-e615-4808-9270-6b966df41d47","SKIP","0","0","1","Only Azure subscriptions"
"otuwamsb105224.onmicrosoft.com","e3b087ee-1cce-4ce4-a343-01e0f41e636e","SKIP","0","0","1","Only Azure subscriptions"
"otuwamsb105223.onmicrosoft.com","5c267637-ac7d-4a5f-85d3-5b7e889858e6","SKIP","0","0","1","Only Azure subscriptions"
"otuwamsb105222.onmicrosoft.com","5ec9d0c7-955d-45ef-81a8-70ec8f91b57d","SKIP","0","0","1","Only Azure subscriptions"
"otuwamsb105221.onmicrosoft.com","384256f0-2bf4-4ece-b56e-669dbc40c144","SKIP","0","0","1","Only Azure subscriptions"
"otuwamsb105220.onmicrosoft.com","a8943aff-33c7-47da-8f21-2bb2967ce92e","SKIP","0","0","1","Only Azure subscriptions"
"otuwamsb105219.onmicrosoft.com","a0cf8f96-1ac5-4afd-8db5-c9409eb97ec6","SKIP","0","0","1","Only Azure subscriptions"
"otuwamsb105218.onmicrosoft.com","8ae0b0ec-7afd-497c-8daa-f3c49e838fee","SKIP","0","0","1","Only Azure subscriptions"
"otuwamsb105217.onmicrosoft.com","3493a69c-0640-45df-8242-3fdc33638b73","SKIP","0","0","1","Only Azure subscriptions"
"otuwamsb105216.onmicrosoft.com","dfee0df5-2ed4-4dab-ae55-8d2cae4246ad","SKIP","0","0","1","Only Azure subscriptions"
"otuwamsb105215.onmicrosoft.com","9259102a-27c4-469e-8509-5ada5fa942d2","SKIP","0","0","1","Only Azure subscriptions"
"otuwamsb105214.onmicrosoft.com","072a4eb6-06f2-4514-b1a5-40cd474e5b32","SKIP","0","0","1","Only Azure subscriptions"
"otuwamsb105213.onmicrosoft.com","f2d98d65-9507-4902-8c4d-e9b66ae73e94","SKIP","0","0","1","Only Azure subscriptions"
"otuwamsb105212.onmicrosoft.com","c06bb166-2d53-49ab-b4a1-224e72ea8e3d","SKIP","0","0","1","Only Azure subscriptions"
"otuwamsb105211.onmicrosoft.com","b219a7f1-5bd1-4c8d-b83c-b2542c3ffb12","SKIP","0","0","1","Only Azure subscriptions"
"otuwacne103915.onmicrosoft.com","b13069f4-5126-478d-9c3f-585311924e1b","CANCELLED","1","0","1","Targets=1; AzureSkipped=1"
"otuwacne103914.onmicrosoft.com","a761d25e-9540-4ae9-b421-1c730b77b9b7","CANCELLED","1","0","1","Targets=1; AzureSkipped=1"
"otuwacne103913.onmicrosoft.com","60033a35-2afe-4cfd-9a47-9a620404aa31","CANCELLED","1","0","1","Targets=1; AzureSkipped=1"
"otuwacne103912.onmicrosoft.com","d8bde6b6-8f34-49d3-bbe7-d5b9d70a633f","CANCELLED","1","0","1","Targets=1; AzureSkipped=1"
"otuwacne103911.onmicrosoft.com","ade4696c-6d14-48ad-92d5-ec4e4f02e939","CANCELLED","1","0","1","Targets=1; AzureSkipped=1"
"otuwacne103910.onmicrosoft.com","4d5890e4-6964-4e9b-b3ab-05ca61bb17da","CANCELLED","1","0","1","Targets=1; AzureSkipped=1"
"otuwacne103909.onmicrosoft.com","4a45c1d2-a5f3-48e6-99ff-ff208240cb71","CANCELLED","1","0","1","Targets=1; AzureSkipped=1"
"otuwacne103908.onmicrosoft.com","ccd0895e-cbee-4d9f-b863-2eba23c9ecfc","CANCELLED","1","0","1","Targets=1; AzureSkipped=1"
"otuwacne103907.onmicrosoft.com","c8f6549b-750c-4520-b088-9f60487ddc41","CANCELLED","1","0","1","Targets=1; AzureSkipped=1"
"otuwacne103906.onmicrosoft.com","d9b27f9e-99ba-4f26-9411-203e5ef21a7a","SKIP","0","0","1","Only Azure subscriptions"
"otuwacne103905.onmicrosoft.com","b38f5fbd-5d6e-4139-a229-e0f40e1816b0","CANCELLED","1","0","1","Targets=1; AzureSkipped=1"
"otuwacne103904.onmicrosoft.com","0898782a-cdd6-458e-a97d-1489271b942d","CANCELLED","1","0","1","Targets=1; AzureSkipped=1"
"otuwacne103903.onmicrosoft.com","f01cdb30-e142-4b5b-864a-7e8acfb1e550","CANCELLED","1","0","1","Targets=1; AzureSkipped=1"
"otuwacne103902.onmicrosoft.com","92c7d10b-fc4b-419c-a770-e8686379a052","SKIP","0","0","1","Only Azure subscriptions"
"otuwacne103901.onmicrosoft.com","fd702382-640e-4472-9674-e78aa7e7852f","CANCELLED","1","0","1","Targets=1; AzureSkipped=1"
"otuwacne103900.onmicrosoft.com","e4a6773c-7631-47e7-bd97-a9c6a07470fc","SKIP","0","0","1","Only Azure subscriptions"
"otuwacne103899.onmicrosoft.com","9fd076b2-76ad-4b6f-85d2-6cc8afbd810c","CANCELLED","1","0","1","Targets=1; AzureSkipped=1"
"otuwacne103898.onmicrosoft.com","2532cb95-80a3-4fa3-b555-295437d451cd","CANCELLED","1","0","1","Targets=1; AzureSkipped=1"
"otuwacne103897.onmicrosoft.com","5235136c-0b5b-4ea2-ad36-eb0283192b13","SKIP","0","0","1","Only Azure subscriptions"
"otuwacne103896.onmicrosoft.com","29ad9ccc-95e3-4228-8379-605b6b8e5e12","CANCELLED","1","0","1","Targets=1; AzureSkipped=1"
"otuwacne103895.onmicrosoft.com","cc624eac-476b-49bf-9559-7225de43850f","CANCELLED","1","0","1","Targets=1; AzureSkipped=1"
"otuwacne103894.onmicrosoft.com","a921d03c-fbb5-4129-ae00-6d3e6fcf81a7","CANCELLED","1","0","1","Targets=1; AzureSkipped=1"
"otuwacne103893.onmicrosoft.com","ec56821f-5f6d-4b2a-9a3c-b7029424139d","CANCELLED","1","0","1","Targets=1; AzureSkipped=1"
"otuwacne103892.onmicrosoft.com","3ac2ca41-8797-40fa-8aad-cf541dc22fa1","SKIP","0","0","1","Only Azure subscriptions"
"otuwacne103891.onmicrosoft.com","238850da-67d5-41ec-8b3a-1a4bbc3598f9","CANCELLED","1","0","1","Targets=1; AzureSkipped=1"
