batch,username,tenant_id,action,prompt_state,run_count,rerun_status,remark,screenshot,checked_at
Batch1,odl_user_2226984@otuwacne103913.onmicrosoft.com,60033a35-2afe-4cfd-9a47-9a620404aa31,SKIP,COMPLETED,2,SKIPPED_COMPLETED,"Prompt already completed, skipped",,2026-05-26 14:15:48
Batch2,odl_user_2227039@otuwacne103953.onmicrosoft.com,cbbe8e31-df15-4f69-8758-49dd3fc41410,ADD_DATASOURCE_STOP_RERUN,EMPTY,0,DATASOURCE_FAILED,Could not add data sources,,2026-05-26 14:15:48
Batch1,odl_user_2227843@otuwacne103926.onmicrosoft.com,8432a64e-a339-4256-a33e-d61c099f3734,ADD_DATASOURCE_STOP_RERUN,NO_DATASOURCE,0,DATASOURCE_FAILED,Could not add data sources,,2026-05-26 14:15:48
Batch2,odl_user_2227844@otuwacne103982.onmicrosoft.com,7545508a-37a3-4323-a237-a1163e932970,ADD_DATASOURCE_STOP_RERUN,EMPTY,0,DATASOURCE_FAILED,Could not add data sources,,2026-05-26 14:15:48
Batch2,odl_user_2227845@otuwacne103991.onmicrosoft.com,13f4c7f8-6a94-417d-b9f1-5279cc5477a6,ADD_DATASOURCE_STOP_RERUN,EMPTY,0,DATASOURCE_FAILED,Could not add data sources,,2026-05-26 14:17:24
Batch1,odl_user_2227842@otuwacne103923.onmicrosoft.com,1ef49286-1e9a-407f-8918-9a669b8d92de,ADD_DATASOURCE_STOP_RERUN,NO_DATASOURCE,0,RERUN_SUCCESS,Fresh prompt -> stopped -> rerun submitted,,2026-05-26 14:15:48
Batch4,odl_user_2227856@otuwacne104099.onmicrosoft.com,2854b0c5-6ea9-4a94-bd35-5d555e97d7c7,ADD_DATASOURCE_STOP_RERUN,EMPTY,0,DATASOURCE_FAILED,Could not add data sources,,2026-05-26 14:19:37
Batch4,odl_user_2227855@otuwacne104080.onmicrosoft.com,7fd4cc0d-5d0e-4e1a-8011-81369b1e6ab5,ADD_DATASOURCE_STOP_RERUN,EMPTY,0,DATASOURCE_FAILED,Could not add data sources,,2026-05-26 14:18:32
Batch4,odl_user_2227848@otuwacne104092.onmicrosoft.com,12a022b4-b43f-489b-a469-80b71b114a0a,ADD_DATASOURCE_STOP_RERUN,EMPTY,0,DATASOURCE_FAILED,Could not add data sources,,2026-05-26 14:18:48
Batch4,odl_user_2227846@otuwacne104127.onmicrosoft.com,238a79b4-9aed-4711-b036-b08ddb5a431c,SKIP,COMPLETED,2,SKIPPED_COMPLETED,"Prompt already completed, skipped",,2026-05-26 14:21:42
Batch3,odl_user_2227091@otuwacne104011.onmicrosoft.com,715f4527-5dcc-462e-a7b9-dfbbb6be43e3,ADD_DATASOURCE_STOP_RERUN,NO_DATASOURCE,0,START_FAILED,Could not start fresh prompt,,2026-05-26 14:18:29
Batch5,odl_user_2227511@otuwacne104042.onmicrosoft.com,d540b97b-ec12-4f42-bef5-79470a319815,ADD_DATASOURCE_STOP_RERUN,EMPTY,0,DATASOURCE_FAILED,Could not add data sources,,2026-05-26 14:22:06
Batch5,odl_user_2227510@otuwacne104041.onmicrosoft.com,79d1038c-f27a-4d93-bf0e-ee4d2fdae62b,ADD_DATASOURCE_STOP_RERUN,EMPTY,0,DATASOURCE_FAILED,Could not add data sources,,2026-05-26 14:23:06
Batch4,odl_user_2227168@otuwacne104106.onmicrosoft.com,da6307bd-eed0-4402-89b8-0f5cec6c93f3,ADD_DATASOURCE_STOP_RERUN,NO_DATASOURCE,0,START_FAILED,Could not start fresh prompt,,2026-05-26 14:21:09
Batch5,odl_user_2227196@otuwacne104134.onmicrosoft.com,89f4f531-14b0-4cdd-83a7-310930a58532,ADD_DATASOURCE_STOP_RERUN,NO_DATASOURCE,0,START_FAILED,Could not start fresh prompt,,2026-05-26 14:21:46
Batch5,odl_user_2227512@otuwacne104043.onmicrosoft.com,63dac623-08bb-451c-a622-347b19fa3253,ADD_DATASOURCE_STOP_RERUN,EMPTY,0,DATASOURCE_FAILED,Could not add data sources,,2026-05-26 14:23:21
Batch5,odl_user_2227513@otuwacne104044.onmicrosoft.com,6c0a9d46-6173-4874-8714-50a1e1b94bf9,ADD_DATASOURCE_STOP_RERUN,EMPTY,0,DATASOURCE_FAILED,Could not add data sources,,2026-05-26 14:23:50
Batch5,odl_user_2227414@otuwacne104045.onmicrosoft.com,19b58800-fcad-477c-9237-99743458566a,ADD_DATASOURCE_STOP_RERUN,EMPTY,0,DATASOURCE_FAILED,Could not add data sources,,2026-05-26 14:24:24
Batch5,odl_user_2227423@otuwacne104049.onmicrosoft.com,216fec35-ebc6-473a-aed4-bdf4c31facbf,ADD_DATASOURCE_STOP_RERUN,EMPTY,0,DATASOURCE_FAILED,Could not add data sources,,2026-05-26 14:25:33
Batch5,odl_user_2227418@otuwacne104046.onmicrosoft.com,902bb837-e7fc-4a20-91f9-0081760ee9dd,ADD_DATASOURCE_STOP_RERUN,EMPTY,0,DATASOURCE_FAILED,Could not add data sources,,2026-05-26 14:24:37
Batch5,odl_user_2227827@otuwacne104050.onmicrosoft.com,fa81e0b3-2438-4b7f-a25f-f5e9493c57a8,ADD_DATASOURCE_STOP_RERUN,EMPTY,0,DATASOURCE_FAILED,Could not add data sources,,2026-05-26 14:26:12
Batch5,odl_user_2227821@otuwacne104048.onmicrosoft.com,b2e3fd79-e86e-4740-b21f-cb615998630f,ADD_DATASOURCE_STOP_RERUN,EMPTY,0,DATASOURCE_FAILED,Could not add data sources,,2026-05-26 14:26:07
Batch5,odl_user_2227421@otuwacne104047.onmicrosoft.com,77734408-ac11-4178-b5ec-73630f2227b4,ADD_DATASOURCE_STOP_RERUN,EMPTY,0,DATASOURCE_FAILED,Could not add data sources,,2026-05-26 14:25:31
Batch5,odl_user_2227812@otuwacne104051.onmicrosoft.com,bd1d8d04-fd95-4557-9f08-b06407244d6b,ADD_DATASOURCE_STOP_RERUN,EMPTY,0,DATASOURCE_FAILED,Could not add data sources,,2026-05-26 14:27:37
Batch5,odl_user_2227813@otuwacne104053.onmicrosoft.com,98f9d77d-1215-4b90-9bbe-d392c883319e,ADD_DATASOURCE_STOP_RERUN,EMPTY,0,DATASOURCE_FAILED,Could not add data sources,,2026-05-26 14:27:39
Batch5,odl_user_2227498@otuwacne104056.onmicrosoft.com,8ac6dc4a-d3d5-4056-a4a5-0a34ca2a815f,ADD_DATASOURCE_STOP_RERUN,EMPTY,0,DATASOURCE_FAILED,Could not add data sources,,2026-05-26 14:28:23
Batch5,odl_user_2227496@otuwacne104055.onmicrosoft.com,b71f388f-ad82-4a51-8320-9c46b50b3e0a,ADD_DATASOURCE_STOP_RERUN,EMPTY,0,DATASOURCE_FAILED,Could not add data sources,,2026-05-26 14:27:58
Batch5,odl_user_2227495@otuwacne104054.onmicrosoft.com,a985cbb7-88f9-4098-817b-17a0801f2665,ADD_DATASOURCE_STOP_RERUN,EMPTY,0,DATASOURCE_FAILED,Could not add data sources,,2026-05-26 14:28:35
Batch5,odl_user_2227500@otuwacne104057.onmicrosoft.com,291cd7a8-1ce2-416e-805c-737118443110,ADD_DATASOURCE_STOP_RERUN,EMPTY,0,DATASOURCE_FAILED,Could not add data sources,,2026-05-26 14:29:51
Batch5,odl_user_2227501@otuwacne104058.onmicrosoft.com,13abbd0e-d7f3-46b2-8914-d99c3e4f0cff,ADD_DATASOURCE_STOP_RERUN,EMPTY,0,DATASOURCE_FAILED,Could not add data sources,,2026-05-26 14:29:58
Batch5,odl_user_2227503@otuwacne104061.onmicrosoft.com,381c927d-1cc2-4121-9356-a8353138f1fe,ADD_DATASOURCE_STOP_RERUN,EMPTY,0,DATASOURCE_FAILED,Could not add data sources,,2026-05-26 14:30:32
Batch5,odl_user_2227502@otuwacne104060.onmicrosoft.com,71264e9d-8293-4fd8-b009-bb3b3af5bc37,ADD_DATASOURCE_STOP_RERUN,EMPTY,0,DATASOURCE_FAILED,Could not add data sources,,2026-05-26 14:30:31
Batch5,odl_user_2227508@otuwacne104064.onmicrosoft.com,3c536b65-eb06-4ed7-8faf-1c605ab94428,ADD_DATASOURCE_STOP_RERUN,EMPTY,0,DATASOURCE_FAILED,Could not add data sources,,2026-05-26 14:32:44
Batch5,odl_user_2227506@otuwacne104062.onmicrosoft.com,3c4ae842-3499-4b7a-8b1b-aa96a9247b84,ADD_DATASOURCE_STOP_RERUN,EMPTY,0,DATASOURCE_FAILED,Could not add data sources,,2026-05-26 14:32:08
Batch5,odl_user_2227825@otuwacne104065.onmicrosoft.com,a8b6ff49-e6cc-4ef1-8fda-115562db64c2,ADD_DATASOURCE_STOP_RERUN,EMPTY,0,DATASOURCE_FAILED,Could not add data sources,,2026-05-26 14:32:21
Batch5,odl_user_2227331@otuwamsb105220.onmicrosoft.com,otuwamsb105220.onmicrosoft.com,ADD_DATASOURCE_STOP_RERUN,EMPTY,0,DATASOURCE_FAILED,Could not add data sources,,2026-05-26 14:33:00
Batch5,odl_user_2227321@otuwamsb105211.onmicrosoft.com,otuwamsb105211.onmicrosoft.com,ADD_DATASOURCE_STOP_RERUN,EMPTY,0,DATASOURCE_FAILED,Could not add data sources,,2026-05-26 14:34:03
Batch5,odl_user_2227507@otuwacne104063.onmicrosoft.com,88f61366-25a3-4be2-8bc3-587b96d8155a,ADD_DATASOURCE_STOP_RERUN,EMPTY,0,DATASOURCE_FAILED,Could not add data sources,,2026-05-26 14:32:16
Batch5,odl_user_2227322@otuwamsb105212.onmicrosoft.com,otuwamsb105212.onmicrosoft.com,ADD_DATASOURCE_STOP_RERUN,EMPTY,0,DATASOURCE_FAILED,Could not add data sources,,2026-05-26 14:34:03
Batch5,odl_user_2227324@otuwamsb105214.onmicrosoft.com,otuwamsb105214.onmicrosoft.com,ADD_DATASOURCE_STOP_RERUN,EMPTY,0,DATASOURCE_FAILED,Could not add data sources,,2026-05-26 14:35:33
Batch5,odl_user_2227342@otuwamsb105226.onmicrosoft.com,otuwamsb105226.onmicrosoft.com,ADD_DATASOURCE_STOP_RERUN,EMPTY,0,DATASOURCE_FAILED,Could not add data sources,,2026-05-26 14:34:02
Batch5,odl_user_2227325@otuwamsb105215.onmicrosoft.com,otuwamsb105215.onmicrosoft.com,ADD_DATASOURCE_STOP_RERUN,EMPTY,0,DATASOURCE_FAILED,Could not add data sources,,2026-05-26 14:36:24
Batch5,odl_user_2227323@otuwamsb105213.onmicrosoft.com,otuwamsb105213.onmicrosoft.com,ADD_DATASOURCE_STOP_RERUN,EMPTY,0,DATASOURCE_FAILED,Could not add data sources,,2026-05-26 14:36:10
Batch5,odl_user_2227335@otuwamsb105222.onmicrosoft.com,otuwamsb105222.onmicrosoft.com,ADD_DATASOURCE_STOP_RERUN,EMPTY,0,DATASOURCE_FAILED,Could not add data sources,,2026-05-26 14:38:36
Batch5,odl_user_2227343@otuwamsb105228.onmicrosoft.com,otuwamsb105228.onmicrosoft.com,ADD_DATASOURCE_STOP_RERUN,EMPTY,0,DATASOURCE_FAILED,Could not add data sources,,2026-05-26 14:38:30
Batch5,odl_user_2227345@otuwamsb105229.onmicrosoft.com,otuwamsb105229.onmicrosoft.com,ADD_DATASOURCE_STOP_RERUN,EMPTY,0,DATASOURCE_FAILED,Could not add data sources,,2026-05-26 14:38:22
Batch5,odl_user_2227332@otuwamsb105221.onmicrosoft.com,otuwamsb105221.onmicrosoft.com,ADD_DATASOURCE_STOP_RERUN,EMPTY,0,DATASOURCE_FAILED,Could not add data sources,,2026-05-26 14:38:00
Batch5,odl_user_2227346@otuwamsb105230.onmicrosoft.com,otuwamsb105230.onmicrosoft.com,SKIP,COMPLETED,2,SKIPPED_COMPLETED,"Prompt already completed, skipped",,2026-05-26 14:42:14
Batch5,odl_user_2227330@otuwamsb105219.onmicrosoft.com,otuwamsb105219.onmicrosoft.com,STOP_AND_RERUN,RUNNING,0,RERUN_SUCCESS,"Stopped running job (runs=0), rerun submitted",,2026-05-26 14:40:11
Batch5,odl_user_2227327@otuwamsb105217.onmicrosoft.com,otuwamsb105217.onmicrosoft.com,ADD_DATASOURCE_STOP_RERUN,NO_DATASOURCE,0,DATASOURCE_FAILED,Could not add data sources,,2026-05-26 14:42:12
Batch5,odl_user_2227326@otuwamsb105216.onmicrosoft.com,otuwamsb105216.onmicrosoft.com,STOP_AND_RERUN,RUNNING,0,RERUN_SUCCESS,"Stopped running job (runs=0), rerun submitted",,2026-05-26 14:41:20
Batch5,odl_user_2227328@otuwamsb105218.onmicrosoft.com,otuwamsb105218.onmicrosoft.com,ADD_DATASOURCE_STOP_RERUN,EMPTY,0,DATASOURCE_FAILED,Could not add data sources,,2026-05-26 14:43:49
Batch5,odl_user_2227337@otuwamsb105224.onmicrosoft.com,otuwamsb105224.onmicrosoft.com,STOP_AND_RERUN,RUNNING,0,RERUN_SUCCESS,"Stopped running job (runs=0), rerun submitted",,2026-05-26 14:41:22
Batch5,odl_user_2227339@otuwamsb105225.onmicrosoft.com,otuwamsb105225.onmicrosoft.com,ADD_DATASOURCE_STOP_RERUN,EMPTY,0,DATASOURCE_FAILED,Could not add data sources,,2026-05-26 14:43:48
Batch5,odl_user_2227336@otuwamsb105223.onmicrosoft.com,otuwamsb105223.onmicrosoft.com,ADD_DATASOURCE_STOP_RERUN,EMPTY,0,DATASOURCE_FAILED,Could not add data sources,,2026-05-26 14:46:24
