username,tenant_id,status,job_title,items_found,job_date,checked_at,screenshot
odl_user_2227135@otuwacne104077.onmicrosoft.com,fffffc5f-ed67-423c-8df1-2731e736fdef,RUNNING,,,,2026-05-24 23:34:57,C:\certs\screenshots_Batch4\odl_user_2227135_RUNNING.png
odl_user_2227136@otuwacne104078.onmicrosoft.com,9fe88f78-24f5-4678-8e17-9617d6a4e5e4,RUNNING,,,,2026-05-24 23:34:57,C:\certs\screenshots_Batch4\odl_user_2227136_RUNNING.png
odl_user_2227139@otuwacne104079.onmicrosoft.com,4c6c118e-ce79-4ac5-a042-b280b35a2701,RUNNING,,,,2026-05-24 23:34:57,C:\certs\screenshots_Batch4\odl_user_2227139_RUNNING.png
odl_user_2227141@otuwacne104081.onmicrosoft.com,88b000cc-65b0-45f9-a3d1-35d6fb306199,RUNNING,,,,2026-05-24 23:34:57,C:\certs\screenshots_Batch4\odl_user_2227141_RUNNING.png
odl_user_2227144@otuwacne104083.onmicrosoft.com,99e0ff93-035f-419c-ad2c-52c76c2771d0,RUNNING,,,,2026-05-24 23:36:10,C:\certs\screenshots_Batch4\odl_user_2227144_RUNNING.png
odl_user_2227145@otuwacne104084.onmicrosoft.com,79c7b966-de31-442d-bf0b-3d88382e79e8,RUNNING,,,,2026-05-24 23:36:16,C:\certs\screenshots_Batch4\odl_user_2227145_RUNNING.png
odl_user_2227143@otuwacne104082.onmicrosoft.com,5a54a022-ffd8-4b15-a641-cac2ba978e2f,RUNNING,,,,2026-05-24 23:36:10,C:\certs\screenshots_Batch4\odl_user_2227143_RUNNING.png
odl_user_2227146@otuwacne104085.onmicrosoft.com,b30055c9-27ae-4ede-ae7a-515d82f6e7d3,RUNNING,,,,2026-05-24 23:36:18,C:\certs\screenshots_Batch4\odl_user_2227146_RUNNING.png
odl_user_2227148@otuwacne104087.onmicrosoft.com,41ebf7d4-d43f-4002-bf3c-a3e0a95602a9,RUNNING,,,,2026-05-24 23:37:17,C:\certs\screenshots_Batch4\odl_user_2227148_RUNNING.png
odl_user_2227150@otuwacne104089.onmicrosoft.com,38b4320e-2914-4d39-a1b0-f84d5cd00b4c,RUNNING,,,,2026-05-24 23:37:25,C:\certs\screenshots_Batch4\odl_user_2227150_RUNNING.png
odl_user_2227149@otuwacne104088.onmicrosoft.com,13d54f97-dbc2-4bdc-8e63-73570156e316,RUNNING,,,,2026-05-24 23:37:19,C:\certs\screenshots_Batch4\odl_user_2227149_RUNNING.png
odl_user_2227147@otuwacne104086.onmicrosoft.com,f0d3645a-9cca-4708-8384-30e72a9ef7cb,RUNNING,,,,2026-05-24 23:37:16,C:\certs\screenshots_Batch4\odl_user_2227147_RUNNING.png
odl_user_2227152@otuwacne104090.onmicrosoft.com,3fb216ef-d15e-4bc1-b4e4-ff7df340a3c6,RUNNING,,,,2026-05-24 23:38:12,C:\certs\screenshots_Batch4\odl_user_2227152_RUNNING.png
odl_user_2227153@otuwacne104091.onmicrosoft.com,0fbb23d4-9235-4591-9781-ec45aeb4f751,RUNNING,,,,2026-05-24 23:38:24,C:\certs\screenshots_Batch4\odl_user_2227153_RUNNING.png
odl_user_2227155@otuwacne104093.onmicrosoft.com,614d81ce-ff26-41b6-9cbf-be7175ea33a1,RUNNING,,,,2026-05-24 23:38:27,C:\certs\screenshots_Batch4\odl_user_2227155_RUNNING.png
odl_user_2227855@otuwacne104080.onmicrosoft.com,7fd4cc0d-5d0e-4e1a-8011-81369b1e6ab5,NOT_FOUND,,,,2026-05-24 23:34:57,C:\certs\screenshots_Batch4\odl_user_2227855_NOT_FOUND.png
odl_user_2227156@otuwacne104094.onmicrosoft.com,e7007ca9-c6c8-42f7-afcb-741d10b928a8,RUNNING,,,,2026-05-24 23:39:16,C:\certs\screenshots_Batch4\odl_user_2227156_RUNNING.png
odl_user_2227158@otuwacne104096.onmicrosoft.com,c4bf8931-ec00-4f7c-a81d-698796ab6b24,RUNNING,,,,2026-05-24 23:39:40,C:\certs\screenshots_Batch4\odl_user_2227158_RUNNING.png
odl_user_2227157@otuwacne104095.onmicrosoft.com,1d13c70e-5030-49dc-b89c-4d6c2d17ea82,RUNNING,,,,2026-05-24 23:39:35,C:\certs\screenshots_Batch4\odl_user_2227157_RUNNING.png
odl_user_2227159@otuwacne104097.onmicrosoft.com,b54d1da8-1c46-4fa0-971b-94c6ff10f50a,RUNNING,,,,2026-05-24 23:39:59,C:\certs\screenshots_Batch4\odl_user_2227159_RUNNING.png
odl_user_2227160@otuwacne104098.onmicrosoft.com,e4dd101a-fac1-44bb-a00e-90f9e6985165,RUNNING,,,,2026-05-24 23:40:20,C:\certs\screenshots_Batch4\odl_user_2227160_RUNNING.png
odl_user_2227162@otuwacne104100.onmicrosoft.com,ffa720c8-8323-40c0-beb7-05e89a8becbe,RUNNING,,,,2026-05-24 23:40:40,C:\certs\screenshots_Batch4\odl_user_2227162_RUNNING.png
odl_user_2227163@otuwacne104101.onmicrosoft.com,89aad810-ad6f-4ff0-9d86-adbef742e953,RUNNING,,,,2026-05-24 23:41:03,C:\certs\screenshots_Batch4\odl_user_2227163_RUNNING.png
odl_user_2227164@otuwacne104102.onmicrosoft.com,cd591841-6899-48ac-b3e5-cf74dcb8adce,RUNNING,,,,2026-05-24 23:41:14,C:\certs\screenshots_Batch4\odl_user_2227164_RUNNING.png
odl_user_2227165@otuwacne104103.onmicrosoft.com,cd16277f-fbbb-4f3b-8880-591e19913111,RUNNING,,,,2026-05-24 23:41:44,C:\certs\screenshots_Batch4\odl_user_2227165_RUNNING.png
odl_user_2227166@otuwacne104104.onmicrosoft.com,24c99700-fdc7-45f8-a8c2-33c0c28abec8,RUNNING,,,,2026-05-24 23:42:05,C:\certs\screenshots_Batch4\odl_user_2227166_RUNNING.png
odl_user_2227848@otuwacne104092.onmicrosoft.com,12a022b4-b43f-489b-a469-80b71b114a0a,NOT_FOUND,,,,2026-05-24 23:38:26,C:\certs\screenshots_Batch4\odl_user_2227848_NOT_FOUND.png
odl_user_2227167@otuwacne104105.onmicrosoft.com,7527fd43-9ae6-4828-8acb-1477c5b38822,RUNNING,,,,2026-05-24 23:42:14,C:\certs\screenshots_Batch4\odl_user_2227167_RUNNING.png
odl_user_2227169@otuwacne104107.onmicrosoft.com,36d0b1fc-cf54-4db5-bad9-52acf31bb1e3,RUNNING,,,,2026-05-24 23:43:06,C:\certs\screenshots_Batch4\odl_user_2227169_RUNNING.png
odl_user_2227170@otuwacne104108.onmicrosoft.com,b275cdc4-7e0e-4120-9e01-ab42741fc6aa,RUNNING,,,,2026-05-24 23:43:16,C:\certs\screenshots_Batch4\odl_user_2227170_RUNNING.png
odl_user_2227171@otuwacne104109.onmicrosoft.com,40e3ec6d-6854-4956-b079-6c6422460edf,RUNNING,,,,2026-05-24 23:43:20,C:\certs\screenshots_Batch4\odl_user_2227171_RUNNING.png
odl_user_2227173@otuwacne104111.onmicrosoft.com,66ae8b26-1fa0-4041-8eb4-0379ab27cde7,RUNNING,,,,2026-05-24 23:44:18,C:\certs\screenshots_Batch4\odl_user_2227173_RUNNING.png
odl_user_2227856@otuwacne104099.onmicrosoft.com,2854b0c5-6ea9-4a94-bd35-5d555e97d7c7,NOT_FOUND,,,,2026-05-24 23:40:39,C:\certs\screenshots_Batch4\odl_user_2227856_NOT_FOUND.png
odl_user_2227172@otuwacne104110.onmicrosoft.com,87a94d19-c052-4609-a60b-d1b6e8780e72,RUNNING,,,,2026-05-24 23:44:08,C:\certs\screenshots_Batch4\odl_user_2227172_RUNNING.png
odl_user_2227174@otuwacne104112.onmicrosoft.com,d40beacd-20c1-422b-853a-ef84450b9ac7,RUNNING,,,,2026-05-24 23:44:32,C:\certs\screenshots_Batch4\odl_user_2227174_RUNNING.png
odl_user_2227175@otuwacne104113.onmicrosoft.com,a4746cf3-e9be-4060-9657-1aaa2af0012b,RUNNING,,,,2026-05-24 23:45:14,C:\certs\screenshots_Batch4\odl_user_2227175_RUNNING.png
odl_user_2227177@otuwacne104115.onmicrosoft.com,a8a5bc5b-f340-4f94-8ccc-aa2584c9990c,RUNNING,,,,2026-05-24 23:45:26,C:\certs\screenshots_Batch4\odl_user_2227177_RUNNING.png
odl_user_2227176@otuwacne104114.onmicrosoft.com,1039fe82-b430-4ea1-8e5e-b480d95cd15a,RUNNING,,,,2026-05-24 23:45:16,C:\certs\screenshots_Batch4\odl_user_2227176_RUNNING.png
odl_user_2227179@otuwacne104117.onmicrosoft.com,89488c30-61d2-4fe6-a3be-d6cd958e117e,RUNNING,,,,2026-05-24 23:46:19,C:\certs\screenshots_Batch4\odl_user_2227179_RUNNING.png
odl_user_2227180@otuwacne104118.onmicrosoft.com,bda74783-ac25-4e0c-8819-7b3e5bb8a334,RUNNING,,,,2026-05-24 23:46:23,C:\certs\screenshots_Batch4\odl_user_2227180_RUNNING.png
odl_user_2227253@otuwacne104119.onmicrosoft.com,3be3e040-71c5-44fb-b4dc-7bef5c379b15,RUNNING,,,,2026-05-24 23:46:29,C:\certs\screenshots_Batch4\odl_user_2227253_RUNNING.png
odl_user_2227168@otuwacne104106.onmicrosoft.com,da6307bd-eed0-4402-89b8-0f5cec6c93f3,NOT_FOUND,,,,2026-05-24 23:43:00,C:\certs\screenshots_Batch4\odl_user_2227168_NOT_FOUND.png
odl_user_2227182@otuwacne104120.onmicrosoft.com,3893deb4-f0fb-4ed9-b757-e61dfa8b3e56,RUNNING,,,,2026-05-24 23:47:15,C:\certs\screenshots_Batch4\odl_user_2227182_RUNNING.png
odl_user_2227183@otuwacne104121.onmicrosoft.com,fb1811e9-49d6-4f36-9cfa-9736068ff1c3,RUNNING,,,,2026-05-24 23:47:28,C:\certs\screenshots_Batch4\odl_user_2227183_RUNNING.png
odl_user_2227184@otuwacne104122.onmicrosoft.com,6e05c535-b728-451c-9a0e-97db7f673313,RUNNING,,,,2026-05-24 23:47:31,C:\certs\screenshots_Batch4\odl_user_2227184_RUNNING.png
odl_user_2227185@otuwacne104123.onmicrosoft.com,c3800da4-49e2-448d-9aac-2288114a1bc2,RUNNING,,,,2026-05-24 23:47:45,C:\certs\screenshots_Batch4\odl_user_2227185_RUNNING.png
odl_user_2227187@otuwacne104125.onmicrosoft.com,ecec07ef-7622-4d94-ada4-010a62cad57c,RUNNING,,,,2026-05-24 23:48:29,C:\certs\screenshots_Batch4\odl_user_2227187_RUNNING.png
odl_user_2227186@otuwacne104124.onmicrosoft.com,569fd133-643c-4170-a080-04dd78f906f7,RUNNING,,,,2026-05-24 23:48:20,C:\certs\screenshots_Batch4\odl_user_2227186_RUNNING.png
odl_user_2227188@otuwacne104126.onmicrosoft.com,1c5dca03-f1ac-4abf-a7af-087b59247da7,RUNNING,,,,2026-05-24 23:48:38,C:\certs\screenshots_Batch4\odl_user_2227188_RUNNING.png
odl_user_2227178@otuwacne104116.onmicrosoft.com,071e107f-2c66-4d45-aba1-c89db3e330ad,RUNNING,,,,2026-05-24 23:45:33,C:\certs\screenshots_Batch4\odl_user_2227178_RUNNING_v2.png
odl_user_2227190@otuwacne104128.onmicrosoft.com,5f1d34cd-eb20-46cf-99a2-01730a781c47,RUNNING,,,,2026-05-24 23:49:25,C:\certs\screenshots_Batch4\odl_user_2227190_RUNNING.png
odl_user_2227191@otuwacne104129.onmicrosoft.com,b0d477f6-1dc1-4c03-9c5d-c46e208a8a50,RUNNING,,,,2026-05-24 23:49:29,C:\certs\screenshots_Batch4\odl_user_2227191_RUNNING.png
odl_user_2227192@otuwacne104130.onmicrosoft.com,ee754bde-eecb-49cb-8803-67e9a400d10d,RUNNING,,,,2026-05-24 23:49:41,C:\certs\screenshots_Batch4\odl_user_2227192_RUNNING.png
odl_user_2227846@otuwacne104127.onmicrosoft.com,238a79b4-9aed-4711-b036-b08ddb5a431c,NOT_FOUND,,,,2026-05-24 23:48:48,C:\certs\screenshots_Batch4\odl_user_2227846_NOT_FOUND.png
