"Index","User","Status","VMs","DisksConverted","PIPsDeleted"
"1","odl_user_2226954","OK","3","1","2"
"2","odl_user_2227227","OK","3","1","2"
"3","odl_user_2226956","OK","3","1","2"
"4","odl_user_2226957","OK","3","1","2"
"5","odl_user_2226963","OK","3","1","1"
"6","odl_user_2226964","OK","3","1","2"
"7","odl_user_2227228","OK","3","0","2"
"8","odl_user_2226966","OK","3","0","1"
"9","odl_user_2226967","OK","3","1","1"
"10","odl_user_2227229","OK","3","1","2"
"11","odl_user_2226969","OK","3","0","1"
"12","odl_user_2227230","OK","3","0","2"
"13","odl_user_2226971","OK","3","0","1"
"14","odl_user_2226972","OK","3","1","1"
"15","odl_user_2226975","OK","3","1","2"
"16","odl_user_2227231","OK","3","0","2"
"17","odl_user_2226977","OK","3","0","1"
"18","odl_user_2226978","OK","3","1","2"
"19","odl_user_2226979","OK","3","0","1"
"20","odl_user_2226980","OK","3","0","2"
"21","odl_user_2226981","OK","3","0","2"
"22","odl_user_2226982","OK","3","0","1"
"23","odl_user_2226984","OK","3","1","1"
"24","odl_user_2226985","OK","3","1","2"
"25","odl_user_2226986","OK","3","0","1"
"26","odl_user_2226990","OK","3","1","1"
"27","odl_user_2226991","OK","3","1","2"
"28","odl_user_2226992","OK","3","0","1"
"29","odl_user_2226994","OK","3","0","1"
"30","odl_user_2226995","OK","3","1","2"
"31","odl_user_2227004","OK","3","1","1"
"32","odl_user_2227005","OK","3","1","1"
"33","odl_user_2227842","OK","3","1","2"
"34","odl_user_2227007","OK","3","0","2"
"35","odl_user_2227008","OK","3","0","2"
"36","odl_user_2227843","OK","3","0","2"
"37","odl_user_2227010","OK","3","1","1"
"38","odl_user_2227014","OK","3","1","2"
"39","odl_user_2227016","OK","3","1","1"
"40","odl_user_2227232","OK","3","1","1"
"41","odl_user_2227017","OK","3","1","1"
"42","odl_user_2227018","OK","3","1","2"
"43","odl_user_2227019","OK","3","1","2"
"44","odl_user_2227020","OK","3","0","1"
"45","odl_user_2227021","OK","3","1","2"
"46","odl_user_2227022","OK","3","0","1"
"47","odl_user_2227233","OK","3","1","1"
"48","odl_user_2227024","OK","3","1","2"
"49","odl_user_2227025","OK","3","0","1"
"50","odl_user_2227029","OK","3","1","2"
"51","odl_user_2227030","OK","3","0","1"
"52","odl_user_2227031","OK","3","1","2"
"53","odl_user_2227032","OK","3","1","2"
"54","odl_user_2227033","OK","3","0","1"
"55","odl_user_2227034","OK","3","0","0"
"56","odl_user_2227234","OK","3","0","0"
"57","odl_user_2227235","OK","3","0","0"
"58","odl_user_2227035","OK","3","0","0"
"59","odl_user_2227036","OK","3","0","0"
"60","odl_user_2227236","OK","3","0","0"
"61","odl_user_2227037","OK","3","0","0"
"62","odl_user_2227038","OK","3","0","0"
"63","odl_user_2227039","NO_RGs","0","0","0"
"64","odl_user_2227040","OK","3","0","0"
"65","odl_user_2227041","OK","3","0","0"
"66","odl_user_2227237","OK","3","0","0"
"67","odl_user_2227238","OK","3","0","0"
"68","odl_user_2227239","OK","3","0","0"
"69","odl_user_2227042","OK","3","0","0"
"70","odl_user_2227240","OK","3","0","0"
"71","odl_user_2227043","OK","3","0","0"
"72","odl_user_2227044","OK","3","0","0"
"73","odl_user_2227045","OK","3","0","0"
"74","odl_user_2227046","OK","3","0","0"
"75","odl_user_2227047","OK","3","0","0"
"76","odl_user_2227049","OK","3","0","0"
"77","odl_user_2227050","OK","3","0","0"
"78","odl_user_2227051","OK","3","0","0"
"79","odl_user_2227052","OK","3","0","0"
"80","odl_user_2227053","OK","3","0","0"
"81","odl_user_2227241","OK","3","0","0"
"82","odl_user_2227054","OK","3","0","0"
"83","odl_user_2227055","OK","3","0","0"
"84","odl_user_2227242","OK","3","0","0"
"85","odl_user_2227056","OK","3","0","0"
"86","odl_user_2227057","OK","3","0","0"
"87","odl_user_2227243","OK","3","0","0"
"88","odl_user_2227059","OK","3","0","0"
"89","odl_user_2227060","OK","3","0","0"
"90","odl_user_2227061","OK","3","0","0"
"91","odl_user_2227063","OK","3","0","0"
"92","odl_user_2227844","OK","3","0","0"
"93","odl_user_2227065","OK","3","0","0"
"94","odl_user_2227066","OK","3","0","0"
"95","odl_user_2227067","OK","3","0","0"
"96","odl_user_2227068","OK","3","0","0"
"97","odl_user_2227070","OK","3","0","0"
"98","odl_user_2227071","OK","3","0","0"
"99","odl_user_2227244","OK","3","0","0"
"100","odl_user_2227072","OK","3","0","0"
"101","odl_user_2227845","OK","3","0","0"
"102","odl_user_2227074","OK","3","0","0"
"103","odl_user_2227075","OK","3","0","0"
"104","odl_user_2227076","OK","3","0","0"
"105","odl_user_2227077","OK","3","0","0"
"106","odl_user_2227078","OK","3","0","0"
"107","odl_user_2227079","OK","3","0","0"
"108","odl_user_2227080","OK","3","0","0"
"109","odl_user_2227245","OK","3","0","0"
"110","odl_user_2227081","OK","3","0","0"
"111","odl_user_2227082","OK","3","0","0"
"112","odl_user_2227083","OK","3","0","0"
"113","odl_user_2227084","OK","3","0","0"
"114","odl_user_2227085","OK","3","0","0"
"115","odl_user_2227086","OK","3","0","0"
"116","odl_user_2227087","OK","3","0","0"
"117","odl_user_2227088","OK","3","0","0"
"118","odl_user_2227089","OK","3","0","0"
"119","odl_user_2227246","OK","3","0","0"
"120","odl_user_2227090","OK","3","0","0"
"121","odl_user_2227091","OK","3","0","0"
"122","odl_user_2227092","OK","3","0","0"
"123","odl_user_2227093","OK","3","0","0"
"124","odl_user_2227094","OK","3","0","0"
"125","odl_user_2227095","OK","3","0","0"
"126","odl_user_2227096","OK","3","0","0"
"127","odl_user_2227097","OK","3","0","0"
"128","odl_user_2227098","OK","3","0","0"
"129","odl_user_2227099","OK","3","0","0"
"130","odl_user_2227100","OK","3","0","0"
"131","odl_user_2227101","OK","3","0","0"
"132","odl_user_2227102","OK","3","0","0"
"133","odl_user_2227103","OK","3","0","0"
"134","odl_user_2227104","OK","3","0","0"
"135","odl_user_2227105","OK","3","0","0"
"136","odl_user_2227106","NO_VMs","0","0","0"
"137","odl_user_2227107","OK","3","0","0"
"138","odl_user_2227108","OK","3","0","0"
"139","odl_user_2227109","OK","3","0","0"
"140","odl_user_2227110","OK","3","0","0"
"141","odl_user_2227111","OK","3","0","0"
"142","odl_user_2227112","OK","3","0","0"
"143","odl_user_2227113","OK","3","0","0"
"144","odl_user_2227114","OK","3","0","0"
"145","odl_user_2227115","OK","3","0","0"
"146","odl_user_2227116","OK","3","0","0"
"147","odl_user_2227117","OK","3","0","0"
"148","odl_user_2227118","OK","3","0","0"
"149","odl_user_2227119","OK","3","0","0"
"150","odl_user_2227120","OK","3","0","0"
"151","odl_user_2227121","OK","3","0","0"
"152","odl_user_2227123","OK","3","0","0"
"153","odl_user_2227125","OK","3","0","0"
"154","odl_user_2227126","OK","3","0","0"
"155","odl_user_2227127","OK","3","0","0"
"156","odl_user_2227128","OK","3","0","0"
"157","odl_user_2227129","OK","3","0","0"
"158","odl_user_2227130","OK","3","0","0"
"159","odl_user_2227131","OK","3","0","0"
"160","odl_user_2227132","OK","3","0","0"
"161","odl_user_2227133","OK","3","0","0"
"162","odl_user_2227134","OK","3","0","0"
"163","odl_user_2227135","OK","3","0","0"
"164","odl_user_2227136","OK","3","0","0"
"165","odl_user_2227139","OK","3","1","0"
"166","odl_user_2227855","OK","3","0","0"
"167","odl_user_2227141","OK","3","0","0"
"168","odl_user_2227143","OK","3","0","0"
"169","odl_user_2227144","OK","3","0","0"
"170","odl_user_2227145","OK","3","0","0"
"171","odl_user_2227146","OK","3","0","0"
"172","odl_user_2227147","OK","3","0","0"
"173","odl_user_2227148","OK","3","0","0"
"174","odl_user_2227149","OK","3","0","0"
"175","odl_user_2227150","OK","3","0","0"
"176","odl_user_2227152","OK","3","0","0"
"177","odl_user_2227153","OK","3","0","0"
"178","odl_user_2227848","OK","3","0","0"
"179","odl_user_2227155","OK","3","0","0"
"180","odl_user_2227156","OK","3","0","0"
"181","odl_user_2227157","OK","3","0","0"
"182","odl_user_2227158","OK","3","0","0"
"183","odl_user_2227159","OK","3","0","0"
"184","odl_user_2227160","OK","3","0","0"
"185","odl_user_2227856","OK","3","0","0"
"186","odl_user_2227162","OK","3","0","0"
"187","odl_user_2227163","OK","3","0","0"
"188","odl_user_2227164","OK","3","0","0"
"189","odl_user_2227165","OK","3","0","0"
"190","odl_user_2227166","OK","3","0","0"
"191","odl_user_2227167","OK","3","0","0"
"192","odl_user_2227168","OK","3","0","0"
"193","odl_user_2227169","OK","3","0","0"
"194","odl_user_2227170","OK","3","0","0"
"195","odl_user_2227171","OK","3","0","0"
"196","odl_user_2227172","OK","3","0","0"
"197","odl_user_2227173","OK","3","0","0"
"198","odl_user_2227174","OK","3","0","0"
"199","odl_user_2227175","OK","3","0","0"
"200","odl_user_2227176","OK","3","1","0"
"201","odl_user_2227177","OK","3","0","0"
"202","odl_user_2227178","OK","3","0","0"
"203","odl_user_2227179","NO_RGs","0","0","0"
"204","odl_user_2227180","OK","3","0","0"
"205","odl_user_2227253","OK","3","0","0"
"206","odl_user_2227182","OK","3","0","0"
"207","odl_user_2227183","OK","3","0","0"
"208","odl_user_2227184","OK","3","0","0"
"209","odl_user_2227185","OK","3","0","0"
"210","odl_user_2227186","OK","3","0","0"
"211","odl_user_2227187","OK","3","0","0"
"212","odl_user_2227188","OK","3","0","0"
"213","odl_user_2227846","NO_VMs","0","0","0"
"214","odl_user_2227190","OK","3","0","0"
"215","odl_user_2227191","OK","3","0","0"
"216","odl_user_2227192","OK","3","0","0"
"217","","AUTH_FAILED","0","0","0"
"218","odl_user_2227193","OK","3","0","0"
"219","odl_user_2227194","OK","3","0","0"
"220","odl_user_2227195","OK","3","0","0"
"221","odl_user_2227196","OK","3","0","0"
"222","odl_user_2227197","OK","3","0","0"
"223","odl_user_2227198","OK","3","0","0"
"224","odl_user_2227199","OK","3","0","0"
"225","odl_user_2227200","OK","3","0","0"
"226","odl_user_2227201","OK","3","0","0"
"227","odl_user_2227202","OK","1","0","0"
"228","odl_user_2227510","NO_RGs","0","0","0"
"229","odl_user_2227511","NO_RGs","0","0","0"
"230","odl_user_2227512","NO_RGs","0","0","0"
"231","odl_user_2227513","NO_RGs","0","0","0"
"232","odl_user_2227414","NO_RGs","0","0","0"
"233","odl_user_2227418","NO_RGs","0","0","0"
"234","odl_user_2227421","NO_RGs","0","0","0"
"235","odl_user_2227821","NO_RGs","0","0","0"
"236","odl_user_2227423","OK","3","0","0"
"237","odl_user_2227827","NO_RGs","0","0","0"
"238","odl_user_2227812","NO_RGs","0","0","0"
"239","odl_user_2227561","NO_RGs","0","0","0"
"240","odl_user_2227813","NO_RGs","0","0","0"
"241","odl_user_2227495","NO_RGs","0","0","0"
"242","odl_user_2227496","NO_RGs","0","0","0"
"243","odl_user_2227498","NO_RGs","0","0","0"
"244","odl_user_2227500","NO_RGs","0","0","0"
"245","odl_user_2227501","NO_RGs","0","0","0"
"246","odl_user_2227502","NO_RGs","0","0","0"
"247","odl_user_2227503","NO_RGs","0","0","0"
"248","odl_user_2227506","NO_RGs","0","0","0"
"249","odl_user_2227507","NO_RGs","0","0","0"
"250","odl_user_2227508","NO_RGs","0","0","0"
"251","odl_user_2227825","NO_RGs","0","0","0"
"252","odl_user_2227331","AUTH_FAILED","0","0","0"
"253","odl_user_2227342","AUTH_FAILED","0","0","0"
"254","odl_user_2227324","AUTH_FAILED","0","0","0"
"255","odl_user_2227323","AUTH_FAILED","0","0","0"
"256","odl_user_2227325","AUTH_FAILED","0","0","0"
"257","odl_user_2227321","AUTH_FAILED","0","0","0"
"258","odl_user_2227322","AUTH_FAILED","0","0","0"
"259","odl_user_2227332","AUTH_FAILED","0","0","0"
"260","odl_user_2227345","AUTH_FAILED","0","0","0"
"261","odl_user_2227343","AUTH_FAILED","0","0","0"
"262","odl_user_2227335","AUTH_FAILED","0","0","0"
"263","odl_user_2227330","AUTH_FAILED","0","0","0"
"264","odl_user_2227326","AUTH_FAILED","0","0","0"
"265","odl_user_2227327","AUTH_FAILED","0","0","0"
"266","odl_user_2227337","AUTH_FAILED","0","0","0"
"267","odl_user_2227346","AUTH_FAILED","0","0","0"
"268","odl_user_2227336","AUTH_FAILED","0","0","0"
"269","odl_user_2227328","AUTH_FAILED","0","0","0"
"270","odl_user_2227339","AUTH_FAILED","0","0","0"
"271","","AUTH_FAILED","0","0","0"
