"Index","User","Org","Batch","Status","LocksRemoved","Details"
"1","odl_user_2226954","otuwacne103891.onmicrosoft.com","Batch1","CLEANED","2",""
"3","odl_user_2226956","otuwacne103893.onmicrosoft.com","Batch1","CLEANED","2",""
"4","odl_user_2226957","otuwacne103894.onmicrosoft.com","Batch1","CLEANED","2",""
"5","odl_user_2226963","otuwacne103895.onmicrosoft.com","Batch1","CLEANED","2",""
"6","odl_user_2226964","otuwacne103896.onmicrosoft.com","Batch1","CLEANED","2",""
"8","odl_user_2226966","otuwacne103898.onmicrosoft.com","Batch1","CLEANED","2",""
"9","odl_user_2226967","otuwacne103899.onmicrosoft.com","Batch1","CLEANED","2",""
"11","odl_user_2226969","otuwacne103901.onmicrosoft.com","Batch1","CLEANED","2",""
"13","odl_user_2226971","otuwacne103903.onmicrosoft.com","Batch1","CLEANED","2",""
"14","odl_user_2226972","otuwacne103904.onmicrosoft.com","Batch1","CLEANED","2",""
"15","odl_user_2226975","otuwacne103905.onmicrosoft.com","Batch1","CLEANED","2",""
"17","odl_user_2226977","otuwacne103907.onmicrosoft.com","Batch1","CLEANED","2",""
"18","odl_user_2226978","otuwacne103908.onmicrosoft.com","Batch1","CLEANED","1",""
"19","odl_user_2226979","otuwacne103909.onmicrosoft.com","Batch1","CLEANED","2",""
"20","odl_user_2226980","otuwacne103910.onmicrosoft.com","Batch1","CLEANED","2",""
"21","odl_user_2226981","otuwacne103911.onmicrosoft.com","Batch1","CLEANED","2",""
"22","odl_user_2226982","otuwacne103912.onmicrosoft.com","Batch1","CLEANED","2",""
"23","odl_user_2226984","otuwacne103913.onmicrosoft.com","Batch1","CLEANED","2",""
"24","odl_user_2226985","otuwacne103914.onmicrosoft.com","Batch1","CLEANED","2",""
"25","odl_user_2226986","otuwacne103915.onmicrosoft.com","Batch1","CLEANED","2",""
"26","odl_user_2226990","otuwacne103916.onmicrosoft.com","Batch1","CLEANED","2",""
"27","odl_user_2226991","otuwacne103917.onmicrosoft.com","Batch1","CLEANED","2",""
"28","odl_user_2226992","otuwacne103918.onmicrosoft.com","Batch1","CLEANED","2",""
"29","odl_user_2226994","otuwacne103919.onmicrosoft.com","Batch1","CLEANED","2",""
"30","odl_user_2226995","otuwacne103920.onmicrosoft.com","Batch1","CLEANED","2",""
"31","odl_user_2227004","otuwacne103921.onmicrosoft.com","Batch1","CLEANED","2",""
"32","odl_user_2227005","otuwacne103922.onmicrosoft.com","Batch1","CLEANED","2",""
"34","odl_user_2227007","otuwacne103924.onmicrosoft.com","Batch1","CLEANED","2",""
"35","odl_user_2227008","otuwacne103925.onmicrosoft.com","Batch1","CLEANED","2",""
"37","odl_user_2227010","otuwacne103927.onmicrosoft.com","Batch1","CLEANED","2",""
"38","odl_user_2227014","otuwacne103928.onmicrosoft.com","Batch1","CLEANED","2",""
"39","odl_user_2227016","otuwacne103929.onmicrosoft.com","Batch1","CLEANED","2",""
"41","odl_user_2227017","otuwacne103931.onmicrosoft.com","Batch1","CLEANED","2",""
"42","odl_user_2227018","otuwacne103932.onmicrosoft.com","Batch1","CLEANED","2",""
"43","odl_user_2227019","otuwacne103933.onmicrosoft.com","Batch1","CLEANED","2",""
"44","odl_user_2227020","otuwacne103934.onmicrosoft.com","Batch1","CLEANED","2",""
"45","odl_user_2227021","otuwacne103935.onmicrosoft.com","Batch1","CLEANED","2",""
"46","odl_user_2227022","otuwacne103936.onmicrosoft.com","Batch1","CLEANED","2",""
"48","odl_user_2227024","otuwacne103938.onmicrosoft.com","Batch1","CLEANED","2",""
"49","odl_user_2227025","otuwacne103939.onmicrosoft.com","Batch1","CLEANED","2",""
"50","odl_user_2227029","otuwacne103940.onmicrosoft.com","Batch1","CLEANED","2",""
"51","odl_user_2227030","otuwacne103941.onmicrosoft.com","Batch1","CLEANED","2",""
"52","odl_user_2227031","otuwacne103942.onmicrosoft.com","Batch1","CLEANED","2",""
"53","odl_user_2227032","otuwacne103943.onmicrosoft.com","Batch1","CLEANED","3",""
"54","odl_user_2227033","otuwacne103944.onmicrosoft.com","Batch1","CLEANED","2",""
"55","odl_user_2227034","otuwacne103945.onmicrosoft.com","Batch2","CLEANED","2",""
"57","odl_user_2227235","otuwacne103947.onmicrosoft.com","Batch2","CLEANED","2",""
"58","odl_user_2227035","otuwacne103948.onmicrosoft.com","Batch2","CLEANED","2",""
"59","odl_user_2227036","otuwacne103949.onmicrosoft.com","Batch2","CLEANED","2",""
"60","odl_user_2227236","otuwacne103950.onmicrosoft.com","Batch2","CLEANED","2",""
"61","odl_user_2227037","otuwacne103951.onmicrosoft.com","Batch2","CLEANED","2",""
"62","odl_user_2227038","otuwacne103952.onmicrosoft.com","Batch2","CLEANED","2",""
"64","odl_user_2227040","otuwacne103954.onmicrosoft.com","Batch2","CLEANED","2",""
"65","odl_user_2227041","otuwacne103955.onmicrosoft.com","Batch2","CLEANED","2",""
"66","odl_user_2227237","otuwacne103956.onmicrosoft.com","Batch2","CLEANED","2",""
"67","odl_user_2227238","otuwacne103957.onmicrosoft.com","Batch2","CLEANED","2",""
"68","odl_user_2227239","otuwacne103958.onmicrosoft.com","Batch2","CLEANED","2",""
"69","odl_user_2227042","otuwacne103959.onmicrosoft.com","Batch2","CLEANED","2",""
"70","odl_user_2227240","otuwacne103960.onmicrosoft.com","Batch2","CLEANED","2",""
"71","odl_user_2227043","otuwacne103961.onmicrosoft.com","Batch2","CLEANED","2",""
"72","odl_user_2227044","otuwacne103962.onmicrosoft.com","Batch2","CLEANED","2",""
"73","odl_user_2227045","otuwacne103963.onmicrosoft.com","Batch2","CLEANED","2",""
"74","odl_user_2227046","otuwacne103964.onmicrosoft.com","Batch2","CLEANED","2",""
"75","odl_user_2227047","otuwacne103965.onmicrosoft.com","Batch2","CLEANED","2",""
"76","odl_user_2227049","otuwacne103966.onmicrosoft.com","Batch2","CLEANED","2",""
"77","odl_user_2227050","otuwacne103967.onmicrosoft.com","Batch2","CLEANED","2",""
"78","odl_user_2227051","otuwacne103968.onmicrosoft.com","Batch2","CLEANED","2",""
"79","odl_user_2227052","otuwacne103969.onmicrosoft.com","Batch2","CLEANED","2",""
"80","odl_user_2227053","otuwacne103970.onmicrosoft.com","Batch2","CLEANED","2",""
"81","odl_user_2227241","otuwacne103971.onmicrosoft.com","Batch2","CLEANED","2",""
"82","odl_user_2227054","otuwacne103972.onmicrosoft.com","Batch2","CLEANED","2",""
"83","odl_user_2227055","otuwacne103973.onmicrosoft.com","Batch2","CLEANED","2",""
"84","odl_user_2227242","otuwacne103974.onmicrosoft.com","Batch2","CLEANED","2",""
"85","odl_user_2227056","otuwacne103975.onmicrosoft.com","Batch2","CLEANED","2",""
"86","odl_user_2227057","otuwacne103976.onmicrosoft.com","Batch2","CLEANED","2",""
"87","odl_user_2227243","otuwacne103977.onmicrosoft.com","Batch2","CLEANED","2",""
"88","odl_user_2227059","otuwacne103978.onmicrosoft.com","Batch2","CLEANED","2",""
"89","odl_user_2227060","otuwacne103979.onmicrosoft.com","Batch2","CLEANED","2",""
"90","odl_user_2227061","otuwacne103980.onmicrosoft.com","Batch2","CLEANED","2",""
"91","odl_user_2227063","otuwacne103981.onmicrosoft.com","Batch2","CLEANED","2",""
"92","odl_user_2227844","otuwacne103982.onmicrosoft.com","Batch2","CLEANED","2",""
"93","odl_user_2227065","otuwacne103983.onmicrosoft.com","Batch2","CLEANED","2",""
"94","odl_user_2227066","otuwacne103984.onmicrosoft.com","Batch2","CLEANED","2",""
"95","odl_user_2227067","otuwacne103985.onmicrosoft.com","Batch2","CLEANED","2",""
"96","odl_user_2227068","otuwacne103986.onmicrosoft.com","Batch2","CLEANED","2",""
"97","odl_user_2227070","otuwacne103987.onmicrosoft.com","Batch2","CLEANED","2",""
"98","odl_user_2227071","otuwacne103988.onmicrosoft.com","Batch2","CLEANED","2",""
"99","odl_user_2227244","otuwacne103989.onmicrosoft.com","Batch2","CLEANED","2",""
"100","odl_user_2227072","otuwacne103990.onmicrosoft.com","Batch2","CLEANED","2",""
"101","odl_user_2227845","otuwacne103991.onmicrosoft.com","Batch2","CLEANED","2",""
"102","odl_user_2227074","otuwacne103992.onmicrosoft.com","Batch2","CLEANED","2",""
"103","odl_user_2227075","otuwacne103993.onmicrosoft.com","Batch2","CLEANED","2",""
"104","odl_user_2227076","otuwacne103994.onmicrosoft.com","Batch2","CLEANED","2",""
"105","odl_user_2227077","otuwacne103995.onmicrosoft.com","Batch2","CLEANED","2",""
"106","odl_user_2227078","otuwacne103996.onmicrosoft.com","Batch2","CLEANED","2",""
"107","odl_user_2227079","otuwacne103997.onmicrosoft.com","Batch2","CLEANED","2",""
"108","odl_user_2227080","otuwacne103998.onmicrosoft.com","Batch2","CLEANED","2",""
"109","odl_user_2227245","otuwacne103999.onmicrosoft.com","Batch3","CLEANED","2",""
"110","odl_user_2227081","otuwacne104000.onmicrosoft.com","Batch3","CLEANED","2",""
"111","odl_user_2227082","otuwacne104001.onmicrosoft.com","Batch3","CLEANED","2",""
"112","odl_user_2227083","otuwacne104002.onmicrosoft.com","Batch3","CLEANED","2",""
"113","odl_user_2227084","otuwacne104003.onmicrosoft.com","Batch3","CLEANED","2",""
"114","odl_user_2227085","otuwacne104004.onmicrosoft.com","Batch3","CLEANED","2",""
"115","odl_user_2227086","otuwacne104005.onmicrosoft.com","Batch3","CLEANED","2",""
"116","odl_user_2227087","otuwacne104006.onmicrosoft.com","Batch3","CLEANED","2",""
"117","odl_user_2227088","otuwacne104007.onmicrosoft.com","Batch3","CLEANED","2",""
"118","odl_user_2227089","otuwacne104008.onmicrosoft.com","Batch3","CLEANED","2",""
"119","odl_user_2227246","otuwacne104009.onmicrosoft.com","Batch3","CLEANED","2",""
"120","odl_user_2227090","otuwacne104010.onmicrosoft.com","Batch3","CLEANED","2",""
"121","odl_user_2227091","otuwacne104011.onmicrosoft.com","Batch3","CLEANED","2",""
"122","odl_user_2227092","otuwacne104012.onmicrosoft.com","Batch3","CLEANED","2",""
"123","odl_user_2227093","otuwacne104013.onmicrosoft.com","Batch3","CLEANED","2",""
"124","odl_user_2227094","otuwacne104014.onmicrosoft.com","Batch3","CLEANED","2",""
"125","odl_user_2227095","otuwacne104015.onmicrosoft.com","Batch3","CLEANED","2",""
"126","odl_user_2227096","otuwacne104016.onmicrosoft.com","Batch3","CLEANED","2",""
"127","odl_user_2227097","otuwacne104017.onmicrosoft.com","Batch3","CLEANED","2",""
"128","odl_user_2227098","otuwacne104018.onmicrosoft.com","Batch3","CLEANED","2",""
"129","odl_user_2227099","otuwacne104019.onmicrosoft.com","Batch3","CLEANED","2",""
"130","odl_user_2227100","otuwacne104020.onmicrosoft.com","Batch3","CLEANED","2",""
"131","odl_user_2227101","otuwacne104021.onmicrosoft.com","Batch3","CLEANED","2",""
"132","odl_user_2227102","otuwacne104022.onmicrosoft.com","Batch3","CLEANED","2",""
"133","odl_user_2227103","otuwacne104023.onmicrosoft.com","Batch3","CLEANED","2",""
"134","odl_user_2227104","otuwacne104024.onmicrosoft.com","Batch3","CLEANED","2",""
"135","odl_user_2227105","otuwacne104025.onmicrosoft.com","Batch3","CLEANED","2",""
"136","odl_user_2227106","otuwacne104026.onmicrosoft.com","Batch3","CLEANED","1",""
"137","odl_user_2227107","otuwacne104027.onmicrosoft.com","Batch3","CLEANED","2",""
"138","odl_user_2227108","otuwacne104028.onmicrosoft.com","Batch3","CLEANED","2",""
"139","odl_user_2227109","otuwacne104029.onmicrosoft.com","Batch3","CLEANED","2",""
"140","odl_user_2227110","otuwacne104030.onmicrosoft.com","Batch3","CLEANED","2",""
"141","odl_user_2227111","otuwacne104031.onmicrosoft.com","Batch3","CLEANED","2",""
"142","odl_user_2227112","otuwacne104032.onmicrosoft.com","Batch3","CLEANED","2",""
"143","odl_user_2227113","otuwacne104033.onmicrosoft.com","Batch3","CLEANED","2",""
"144","odl_user_2227114","otuwacne104034.onmicrosoft.com","Batch3","CLEANED","2",""
"145","odl_user_2227115","otuwacne104035.onmicrosoft.com","Batch3","CLEANED","2",""
"146","odl_user_2227116","otuwacne104036.onmicrosoft.com","Batch3","CLEANED","2",""
"147","odl_user_2227117","otuwacne104037.onmicrosoft.com","Batch3","CLEANED","2",""
"148","odl_user_2227118","otuwacne104038.onmicrosoft.com","Batch3","CLEANED","2",""
"149","odl_user_2227119","otuwacne104039.onmicrosoft.com","Batch3","CLEANED","2",""
"150","odl_user_2227120","otuwacne104040.onmicrosoft.com","Batch3","CLEANED","2",""
"151","odl_user_2227121","otuwacne104059.onmicrosoft.com","Batch3","CLEANED","2",""
"152","odl_user_2227123","otuwacne104066.onmicrosoft.com","Batch3","CLEANED","2",""
"153","odl_user_2227125","otuwacne104067.onmicrosoft.com","Batch3","CLEANED","2",""
"154","odl_user_2227126","otuwacne104068.onmicrosoft.com","Batch3","CLEANED","2",""
"155","odl_user_2227127","otuwacne104069.onmicrosoft.com","Batch3","CLEANED","2",""
"156","odl_user_2227128","otuwacne104070.onmicrosoft.com","Batch3","CLEANED","2",""
"157","odl_user_2227129","otuwacne104071.onmicrosoft.com","Batch3","CLEANED","2",""
"158","odl_user_2227130","otuwacne104072.onmicrosoft.com","Batch3","CLEANED","2",""
"159","odl_user_2227131","otuwacne104073.onmicrosoft.com","Batch3","CLEANED","2",""
"160","odl_user_2227132","otuwacne104074.onmicrosoft.com","Batch3","CLEANED","2",""
"161","odl_user_2227133","otuwacne104075.onmicrosoft.com","Batch3","CLEANED","2",""
"162","odl_user_2227134","otuwacne104076.onmicrosoft.com","Batch3","CLEANED","2",""
"163","odl_user_2227135","otuwacne104077.onmicrosoft.com","Batch4","CLEANED","2",""
"164","odl_user_2227136","otuwacne104078.onmicrosoft.com","Batch4","CLEANED","2",""
"165","odl_user_2227139","otuwacne104079.onmicrosoft.com","Batch4","CLEANED","2",""
"167","odl_user_2227141","otuwacne104081.onmicrosoft.com","Batch4","CLEANED","2",""
"168","odl_user_2227143","otuwacne104082.onmicrosoft.com","Batch4","CLEANED","2",""
"169","odl_user_2227144","otuwacne104083.onmicrosoft.com","Batch4","CLEANED","2",""
"170","odl_user_2227145","otuwacne104084.onmicrosoft.com","Batch4","CLEANED","2",""
"171","odl_user_2227146","otuwacne104085.onmicrosoft.com","Batch4","CLEANED","2",""
"172","odl_user_2227147","otuwacne104086.onmicrosoft.com","Batch4","CLEANED","2",""
"173","odl_user_2227148","otuwacne104087.onmicrosoft.com","Batch4","CLEANED","2",""
"174","odl_user_2227149","otuwacne104088.onmicrosoft.com","Batch4","CLEANED","2",""
"193","odl_user_2227169","otuwacne104107.onmicrosoft.com","Batch4","CLEANED","2",""
"194","odl_user_2227170","otuwacne104108.onmicrosoft.com","Batch4","CLEANED","2",""
"195","odl_user_2227171","otuwacne104109.onmicrosoft.com","Batch4","CLEANED","2",""
"196","odl_user_2227172","otuwacne104110.onmicrosoft.com","Batch4","CLEANED","2",""
"197","odl_user_2227173","otuwacne104111.onmicrosoft.com","Batch4","CLEANED","2",""
"198","odl_user_2227174","otuwacne104112.onmicrosoft.com","Batch4","CLEANED","2",""
"199","odl_user_2227175","otuwacne104113.onmicrosoft.com","Batch4","CLEANED","2",""
"200","odl_user_2227176","otuwacne104114.onmicrosoft.com","Batch4","CLEANED","2",""
"201","odl_user_2227177","otuwacne104115.onmicrosoft.com","Batch4","CLEANED","2",""
"202","odl_user_2227178","otuwacne104116.onmicrosoft.com","Batch4","CLEANED","2",""
"204","odl_user_2227180","otuwacne104118.onmicrosoft.com","Batch4","CLEANED","2",""
"205","odl_user_2227253","otuwacne104119.onmicrosoft.com","Batch4","CLEANED","2",""
"206","odl_user_2227182","otuwacne104120.onmicrosoft.com","Batch4","CLEANED","2",""
"207","odl_user_2227183","otuwacne104121.onmicrosoft.com","Batch4","CLEANED","2",""
"208","odl_user_2227184","otuwacne104122.onmicrosoft.com","Batch4","CLEANED","2",""
"209","odl_user_2227185","otuwacne104123.onmicrosoft.com","Batch4","CLEANED","3",""
"210","odl_user_2227186","otuwacne104124.onmicrosoft.com","Batch4","CLEANED","2",""
"211","odl_user_2227187","otuwacne104125.onmicrosoft.com","Batch4","CLEANED","2",""
"212","odl_user_2227188","otuwacne104126.onmicrosoft.com","Batch4","CLEANED","2",""
"213","odl_user_2227846","otuwacne104127.onmicrosoft.com","Batch4","CLEANED","1",""
"214","odl_user_2227190","otuwacne104128.onmicrosoft.com","Batch4","CLEANED","2",""
"215","odl_user_2227191","otuwacne104129.onmicrosoft.com","Batch4","CLEANED","2",""
"216","odl_user_2227192","otuwacne104130.onmicrosoft.com","Batch4","CLEANED","2",""
"218","odl_user_2227193","otuwacne104131.onmicrosoft.com","Batch5","CLEANED","2",""
"219","odl_user_2227194","otuwacne104132.onmicrosoft.com","Batch5","CLEANED","2",""
"220","odl_user_2227195","otuwacne104133.onmicrosoft.com","Batch5","CLEANED","2",""
"221","odl_user_2227196","otuwacne104134.onmicrosoft.com","Batch5","CLEANED","2",""
"222","odl_user_2227197","otuwacne104135.onmicrosoft.com","Batch5","CLEANED","2",""
"223","odl_user_2227198","otuwacne104136.onmicrosoft.com","Batch5","CLEANED","2",""
"224","odl_user_2227199","otuwacne104137.onmicrosoft.com","Batch5","CLEANED","2",""
"225","odl_user_2227200","otuwacne104138.onmicrosoft.com","Batch5","CLEANED","2",""
"226","odl_user_2227201","otuwacne104139.onmicrosoft.com","Batch5","CLEANED","2",""
"227","odl_user_2227202","otuwacne104140.onmicrosoft.com","Batch5","CLEANED","1",""
