"Domain","Username","TenantId","SubStatus","SubAction","LicenseAssigned","Error"
"otuwacne103945.onmicrosoft.com","odl_user_2227034@otuwacne103945.onmicrosoft.com","65b6c862-abe8-4775-bf1b-f04512114af1","Missing/Deleted","Purchased (Monthly)","Already assigned",""
"otuwacne103946.onmicrosoft.com","odl_user_2227234@otuwacne103946.onmicrosoft.com","ce2d853e-7aa7-4c09-9d3c-3ba7db826653","Missing/Deleted","Purchased (Monthly)","Already assigned",""
"otuwacne103947.onmicrosoft.com","odl_user_2227235@otuwacne103947.onmicrosoft.com","76b4a96c-05d0-488d-9d65-d2f2c903dff6","Missing/Deleted","Purchased (Monthly)","No","No E5 SKU available in tenant yet"
"otuwacne103948.onmicrosoft.com","odl_user_2227035@otuwacne103948.onmicrosoft.com","df7d81ec-95e7-47d4-9ed0-0d73ab04e3d0","Missing/Deleted","Purchased (Monthly)","Already assigned",""
"otuwacne103949.onmicrosoft.com","odl_user_2227036@otuwacne103949.onmicrosoft.com","b1ed5703-8bd0-4f81-ae98-ec3ef7c10c27","Missing/Deleted","Purchased (Monthly)","Already assigned",""
"otuwacne103950.onmicrosoft.com","odl_user_2227236@otuwacne103950.onmicrosoft.com","2c3790df-5ea3-4041-beae-f56d674c9dc6","Missing/Deleted","Purchased (Monthly)","Already assigned",""
"otuwacne103951.onmicrosoft.com","odl_user_2227037@otuwacne103951.onmicrosoft.com","b61fd3b5-554d-4e28-8601-ed0dac162077","Missing/Deleted","Purchased (Monthly)","Already assigned",""
"otuwacne103952.onmicrosoft.com","odl_user_2227038@otuwacne103952.onmicrosoft.com","55fdf1aa-ad94-4198-ac1b-68717a4a8fc5","Missing/Deleted","Purchased (Monthly)","No","No E5 SKU available in tenant yet"
"otuwacne103953.onmicrosoft.com","odl_user_2227039@otuwacne103953.onmicrosoft.com","cbbe8e31-df15-4f69-8758-49dd3fc41410","Missing/Deleted","Purchased (Monthly)","No","User lookup failed: The remote server returned an error: (404) Not Found."
"otuwacne103954.onmicrosoft.com","odl_user_2227040@otuwacne103954.onmicrosoft.com","7bfbd78a-45a0-4671-a309-c4fb32d5bc5a","Missing/Deleted","Purchased (Monthly)","No","No E5 SKU available in tenant yet"
"otuwacne103955.onmicrosoft.com","odl_user_2227041@otuwacne103955.onmicrosoft.com","d9baa514-5975-4392-b08f-664d3c0fea6f","Already Active","None","Already assigned",""
"otuwacne103956.onmicrosoft.com","odl_user_2227237@otuwacne103956.onmicrosoft.com","265daf79-065a-4b05-8cff-f07a9c200303","Missing/Deleted","Purchased (Monthly)","Already assigned",""
"otuwacne103957.onmicrosoft.com","odl_user_2227238@otuwacne103957.onmicrosoft.com","a62bd3b3-81da-4d05-849f-7aa531392d00","Missing/Deleted","Purchased (Monthly)","No","No E5 SKU available in tenant yet"
"otuwacne103958.onmicrosoft.com","odl_user_2227239@otuwacne103958.onmicrosoft.com","39cc44fb-7d6d-477a-9d3e-8d297b8b7b27","Missing/Deleted","Purchased (Monthly)","Already assigned",""
"otuwacne103959.onmicrosoft.com","odl_user_2227042@otuwacne103959.onmicrosoft.com","360ebf92-46dc-4d94-9c5b-2716e53460fc","Missing/Deleted","Purchased (Monthly)","Already assigned",""
"otuwacne103960.onmicrosoft.com","odl_user_2227240@otuwacne103960.onmicrosoft.com","d3e105f7-469f-424d-8951-c83ac7cf597d","Missing/Deleted","Purchased (Monthly)","Already assigned",""
"otuwacne103961.onmicrosoft.com","odl_user_2227043@otuwacne103961.onmicrosoft.com","c373a689-4210-43eb-8365-62ceacf3c2d7","Missing/Deleted","Purchased (Monthly)","Already assigned",""
"otuwacne103962.onmicrosoft.com","odl_user_2227044@otuwacne103962.onmicrosoft.com","152c40d7-5a3a-4f32-af08-57fcc2287489","Missing/Deleted","Purchased (Monthly)","No","No E5 SKU available in tenant yet"
"otuwacne103963.onmicrosoft.com","odl_user_2227045@otuwacne103963.onmicrosoft.com","0b23844d-215b-466f-8100-b03bbb5f3911","Missing/Deleted","Purchased (Monthly)","Already assigned",""
"otuwacne103964.onmicrosoft.com","odl_user_2227046@otuwacne103964.onmicrosoft.com","bc496fd4-cbca-43f9-a157-682f299c41c2","Missing/Deleted","Purchased (Monthly)","Yes",""
"otuwacne103965.onmicrosoft.com","odl_user_2227047@otuwacne103965.onmicrosoft.com","e5fa521c-34f2-451c-93ab-e275aa237515","Missing/Deleted","Purchased (Monthly)","Already assigned",""
"otuwacne103966.onmicrosoft.com","odl_user_2227049@otuwacne103966.onmicrosoft.com","d87bdccf-295a-4082-bec6-1f9fe0657f8d","Missing/Deleted","Purchased (Monthly)","No","No E5 SKU available in tenant yet"
"otuwacne103967.onmicrosoft.com","odl_user_2227050@otuwacne103967.onmicrosoft.com","d9a9476e-6d10-4d51-a667-f430c40a6db8","Missing/Deleted","Purchased (Monthly)","No","No E5 SKU available in tenant yet"
"otuwacne103968.onmicrosoft.com","odl_user_2227051@otuwacne103968.onmicrosoft.com","088d64d3-fcc4-428f-bdc6-245bb6227182","Missing/Deleted","Purchased (Monthly)","Already assigned",""
"otuwacne103969.onmicrosoft.com","odl_user_2227052@otuwacne103969.onmicrosoft.com","581fb582-2f14-4377-9557-ceea0d409c08","Missing/Deleted","Purchased (Monthly)","Already assigned",""
"otuwacne103970.onmicrosoft.com","odl_user_2227053@otuwacne103970.onmicrosoft.com","5260b566-f122-49c9-99ab-7916003b0980","Missing/Deleted","Purchased (Monthly)","Already assigned",""
"otuwacne103971.onmicrosoft.com","odl_user_2227241@otuwacne103971.onmicrosoft.com","ac3439e7-a87c-4d49-9ce6-e160f843b335","Missing/Deleted","Purchased (Monthly)","Already assigned",""
"otuwacne103972.onmicrosoft.com","odl_user_2227054@otuwacne103972.onmicrosoft.com","c00a3fea-3972-4c63-a250-22a96d8af04d","Missing/Deleted","Purchased (Monthly)","Already assigned",""
"otuwacne103973.onmicrosoft.com","odl_user_2227055@otuwacne103973.onmicrosoft.com","8397a0cc-e938-47e8-8eb6-10d147fa7c9a","Missing/Deleted","Purchased (Monthly)","No","No E5 SKU available in tenant yet"
"otuwacne103974.onmicrosoft.com","odl_user_2227242@otuwacne103974.onmicrosoft.com","b784a8bb-38ad-4d23-91dc-6fa18f32aaf1","Missing/Deleted","Purchased (Monthly)","Already assigned",""
"otuwacne103975.onmicrosoft.com","odl_user_2227056@otuwacne103975.onmicrosoft.com","bebe3aa5-8e16-452a-83bb-be5947d6f98c","Missing/Deleted","Purchased (Monthly)","Already assigned",""
"otuwacne103976.onmicrosoft.com","odl_user_2227057@otuwacne103976.onmicrosoft.com","62ee6aee-b2fe-49e5-bf86-99d42ea82bcb","Missing/Deleted","Purchased (Monthly)","Already assigned",""
"otuwacne103977.onmicrosoft.com","odl_user_2227243@otuwacne103977.onmicrosoft.com","3a6c6a6f-0ec1-41d3-ae2f-6c8619ccca0f","Missing/Deleted","Purchased (Monthly)","Already assigned",""
"otuwacne103978.onmicrosoft.com","odl_user_2227059@otuwacne103978.onmicrosoft.com","996de039-3941-4d35-8d36-c1019a0c004e","Missing/Deleted","Purchased (Monthly)","Already assigned",""
"otuwacne103979.onmicrosoft.com","odl_user_2227060@otuwacne103979.onmicrosoft.com","5d6cad3a-51ac-4226-9127-86b1f2fd974f","Missing/Deleted","Purchased (Monthly)","Already assigned",""
"otuwacne103980.onmicrosoft.com","odl_user_2227061@otuwacne103980.onmicrosoft.com","d0a39780-539a-4a6e-b2de-b736b0620bbf","Missing/Deleted","Purchased (Monthly)","Already assigned",""
"otuwacne103981.onmicrosoft.com","odl_user_2227063@otuwacne103981.onmicrosoft.com","ee874972-3931-442f-94f1-194077ab5509","Missing/Deleted","Purchased (Monthly)","Already assigned",""
"otuwacne103982.onmicrosoft.com","odl_user_2227844@otuwacne103982.onmicrosoft.com","7545508a-37a3-4323-a237-a1163e932970","Missing/Deleted","Purchased (Monthly)","Already assigned",""
"otuwacne103983.onmicrosoft.com","odl_user_2227065@otuwacne103983.onmicrosoft.com","6c747e2a-2cfa-4353-83c2-2f96e8658e7f","Missing/Deleted","Purchased (Monthly)","Already assigned",""
"otuwacne103984.onmicrosoft.com","odl_user_2227066@otuwacne103984.onmicrosoft.com","720321f9-abf7-4f35-b95f-865ea1129e66","Missing/Deleted","Purchased (Monthly)","Already assigned",""
"otuwacne103985.onmicrosoft.com","odl_user_2227067@otuwacne103985.onmicrosoft.com","1c7c5c7f-8a07-43d2-a34b-018e9dccf1b5","Missing/Deleted","Purchased (Monthly)","No","No E5 SKU available in tenant yet"
"otuwacne103986.onmicrosoft.com","odl_user_2227068@otuwacne103986.onmicrosoft.com","2f2346f5-7774-44af-bff8-48424e5098a4","Missing/Deleted","Purchased (Monthly)","Already assigned",""
"otuwacne103987.onmicrosoft.com","odl_user_2227070@otuwacne103987.onmicrosoft.com","d10bb18b-1445-4d3c-9013-b6816b01a14d","Missing/Deleted","Purchased (Monthly)","Already assigned",""
"otuwacne103988.onmicrosoft.com","odl_user_2227071@otuwacne103988.onmicrosoft.com","6ad8c3d0-d2a5-4679-886a-62520920bc6b","Missing/Deleted","Purchased (Monthly)","Already assigned",""
"otuwacne103989.onmicrosoft.com","odl_user_2227244@otuwacne103989.onmicrosoft.com","7b89fd47-443d-426c-a9c3-ae01ee45bd46","Missing/Deleted","Purchased (Monthly)","Already assigned",""
"otuwacne103990.onmicrosoft.com","odl_user_2227072@otuwacne103990.onmicrosoft.com","0fdff097-6981-49aa-a15d-b300e7a85553","Missing/Deleted","Purchased (Monthly)","Already assigned",""
"otuwacne103991.onmicrosoft.com","odl_user_2227845@otuwacne103991.onmicrosoft.com","13f4c7f8-6a94-417d-b9f1-5279cc5477a6","Missing/Deleted","Purchased (Monthly)","Already assigned",""
"otuwacne103992.onmicrosoft.com","odl_user_2227074@otuwacne103992.onmicrosoft.com","d180178c-b0a7-4b4f-a760-c17d5432a050","Missing/Deleted","Purchased (Monthly)","Already assigned",""
"otuwacne103993.onmicrosoft.com","odl_user_2227075@otuwacne103993.onmicrosoft.com","515758fa-6df2-4d1c-ad7f-c6e92e29cd5a","Missing/Deleted","Purchased (Monthly)","Already assigned",""
"otuwacne103994.onmicrosoft.com","odl_user_2227076@otuwacne103994.onmicrosoft.com","9497f345-2dc9-4aca-9581-03f973c0729b","Missing/Deleted","Purchased (Monthly)","Already assigned",""
"otuwacne103995.onmicrosoft.com","odl_user_2227077@otuwacne103995.onmicrosoft.com","4b2446e0-e17b-4e53-92dc-27c96dbf052b","Missing/Deleted","Purchased (Monthly)","No","No E5 SKU available in tenant yet"
"otuwacne103996.onmicrosoft.com","odl_user_2227078@otuwacne103996.onmicrosoft.com","ecc2d30e-95b3-41ef-b4b1-2f9f541a34ca","Missing/Deleted","Purchased (Monthly)","No","No E5 SKU available in tenant yet"
"otuwacne103997.onmicrosoft.com","odl_user_2227079@otuwacne103997.onmicrosoft.com","a72d2241-6280-47be-a855-ea92aaf08ed6","Missing/Deleted","Purchased (Monthly)","Already assigned",""
"otuwacne103998.onmicrosoft.com","odl_user_2227080@otuwacne103998.onmicrosoft.com","3ed144d1-0d90-40cb-9bb4-dbad7a874e74","Missing/Deleted","Purchased (Monthly)","Already assigned",""
