"Environment","Username","TenantId","LicenseSKU","ActiveUnits","ConsumedUnits","WarningUnits","SuspendedUnits","Status"
"5","odl_user_2227114@otuwacne104034.onmicrosoft.com","eb81c46e-9dd7-4f98-923d-cde68124d5e3","Microsoft_Intune_Suite","0","1","0","3","OK"
"5","odl_user_2227114@otuwacne104034.onmicrosoft.com","eb81c46e-9dd7-4f98-923d-cde68124d5e3","AAD_PREMIUM_P2","0","3","0","5","OK"
"5","odl_user_2227114@otuwacne104034.onmicrosoft.com","eb81c46e-9dd7-4f98-923d-cde68124d5e3","TVM_Premium_Add_on","1","1","0","1","OK"
"5","odl_user_2227114@otuwacne104034.onmicrosoft.com","eb81c46e-9dd7-4f98-923d-cde68124d5e3","Microsoft_365_E5_(no_Teams)","1","1","0","1","OK"
"5","odl_user_2227115@otuwacne104035.onmicrosoft.com","a1f09864-e1dc-44a9-9378-80bcc319f819","Microsoft_Intune_Suite","0","1","0","3","OK"
"5","odl_user_2227115@otuwacne104035.onmicrosoft.com","a1f09864-e1dc-44a9-9378-80bcc319f819","AAD_PREMIUM_P2","0","3","0","5","OK"
"5","odl_user_2227115@otuwacne104035.onmicrosoft.com","a1f09864-e1dc-44a9-9378-80bcc319f819","TVM_Premium_Add_on","1","1","0","1","OK"
"5","odl_user_2227115@otuwacne104035.onmicrosoft.com","a1f09864-e1dc-44a9-9378-80bcc319f819","Microsoft_365_E5_(no_Teams)","1","1","0","1","OK"
"5","odl_user_2227116@otuwacne104036.onmicrosoft.com","aea992f4-7e48-4c8d-90e6-164046a30ec4","Microsoft_Intune_Suite","0","1","0","3","OK"
"5","odl_user_2227116@otuwacne104036.onmicrosoft.com","aea992f4-7e48-4c8d-90e6-164046a30ec4","AAD_PREMIUM_P2","0","3","0","5","OK"
"5","odl_user_2227116@otuwacne104036.onmicrosoft.com","aea992f4-7e48-4c8d-90e6-164046a30ec4","TVM_Premium_Add_on","1","1","0","1","OK"
"5","odl_user_2227116@otuwacne104036.onmicrosoft.com","aea992f4-7e48-4c8d-90e6-164046a30ec4","Microsoft_365_E5_(no_Teams)","1","1","0","1","OK"
"5","odl_user_2227117@otuwacne104037.onmicrosoft.com","54445e7b-b406-45a1-bc8b-7e18795721d2","Microsoft_Intune_Suite","0","1","0","3","OK"
"5","odl_user_2227117@otuwacne104037.onmicrosoft.com","54445e7b-b406-45a1-bc8b-7e18795721d2","AAD_PREMIUM_P2","0","3","0","5","OK"
"5","odl_user_2227117@otuwacne104037.onmicrosoft.com","54445e7b-b406-45a1-bc8b-7e18795721d2","TVM_Premium_Add_on","1","1","0","1","OK"
"5","odl_user_2227117@otuwacne104037.onmicrosoft.com","54445e7b-b406-45a1-bc8b-7e18795721d2","Microsoft_365_E5_(no_Teams)","1","1","0","1","OK"
"5","odl_user_2227118@otuwacne104038.onmicrosoft.com","6b2cb526-38f0-4e01-89d7-02a077e7b346","Microsoft_Intune_Suite","0","1","0","3","OK"
"5","odl_user_2227118@otuwacne104038.onmicrosoft.com","6b2cb526-38f0-4e01-89d7-02a077e7b346","AAD_PREMIUM_P2","0","3","0","5","OK"
"5","odl_user_2227118@otuwacne104038.onmicrosoft.com","6b2cb526-38f0-4e01-89d7-02a077e7b346","TVM_Premium_Add_on","1","1","0","1","OK"
"5","odl_user_2227118@otuwacne104038.onmicrosoft.com","6b2cb526-38f0-4e01-89d7-02a077e7b346","Microsoft_365_E5_(no_Teams)","1","1","0","1","OK"
"5","odl_user_2227119@otuwacne104039.onmicrosoft.com","cb986d18-9943-4824-831d-d38ee2ef2d3d","Microsoft_Intune_Suite","0","1","0","3","OK"
"5","odl_user_2227119@otuwacne104039.onmicrosoft.com","cb986d18-9943-4824-831d-d38ee2ef2d3d","AAD_PREMIUM_P2","0","3","0","5","OK"
"5","odl_user_2227119@otuwacne104039.onmicrosoft.com","cb986d18-9943-4824-831d-d38ee2ef2d3d","TVM_Premium_Add_on","1","1","0","1","OK"
"5","odl_user_2227119@otuwacne104039.onmicrosoft.com","cb986d18-9943-4824-831d-d38ee2ef2d3d","Microsoft_365_E5_(no_Teams)","1","1","0","1","OK"
"5","odl_user_2227120@otuwacne104040.onmicrosoft.com","ec241690-4987-4d99-85c3-5d250077e78b","Microsoft_Intune_Suite","0","1","0","3","OK"
"5","odl_user_2227120@otuwacne104040.onmicrosoft.com","ec241690-4987-4d99-85c3-5d250077e78b","AAD_PREMIUM_P2","0","3","0","5","OK"
"5","odl_user_2227120@otuwacne104040.onmicrosoft.com","ec241690-4987-4d99-85c3-5d250077e78b","TVM_Premium_Add_on","1","1","0","2","OK"
"5","odl_user_2227120@otuwacne104040.onmicrosoft.com","ec241690-4987-4d99-85c3-5d250077e78b","Microsoft_365_E5_(no_Teams)","1","1","0","1","OK"
"5","odl_user_2227121@otuwacne104059.onmicrosoft.com","1b2c7d15-bec3-4910-a516-14ed6bf1c66a","Microsoft_Intune_Suite","0","1","0","3","OK"
"5","odl_user_2227121@otuwacne104059.onmicrosoft.com","1b2c7d15-bec3-4910-a516-14ed6bf1c66a","AAD_PREMIUM_P2","0","3","0","5","OK"
"5","odl_user_2227121@otuwacne104059.onmicrosoft.com","1b2c7d15-bec3-4910-a516-14ed6bf1c66a","TVM_Premium_Add_on","1","1","0","3","OK"
"5","odl_user_2227121@otuwacne104059.onmicrosoft.com","1b2c7d15-bec3-4910-a516-14ed6bf1c66a","Microsoft_365_E5_(no_Teams)","1","1","0","1","OK"
"5","odl_user_2227123@otuwacne104066.onmicrosoft.com","7be8c231-7762-4d04-9675-df54c78f4fd4","Microsoft_Intune_Suite","0","1","0","2","OK"
"5","odl_user_2227123@otuwacne104066.onmicrosoft.com","7be8c231-7762-4d04-9675-df54c78f4fd4","AAD_PREMIUM_P2","0","3","0","5","OK"
"5","odl_user_2227123@otuwacne104066.onmicrosoft.com","7be8c231-7762-4d04-9675-df54c78f4fd4","TVM_Premium_Add_on","0","1","0","2","OK"
"5","odl_user_2227123@otuwacne104066.onmicrosoft.com","7be8c231-7762-4d04-9675-df54c78f4fd4","Microsoft_365_E5_(no_Teams)","0","1","0","1","OK"
"5","odl_user_2227125@otuwacne104067.onmicrosoft.com","e4b42f53-aa42-47fb-b6c4-2094797b71e1","Microsoft_Intune_Suite","0","1","0","2","OK"
"5","odl_user_2227125@otuwacne104067.onmicrosoft.com","e4b42f53-aa42-47fb-b6c4-2094797b71e1","AAD_PREMIUM_P2","0","3","0","5","OK"
"5","odl_user_2227125@otuwacne104067.onmicrosoft.com","e4b42f53-aa42-47fb-b6c4-2094797b71e1","TVM_Premium_Add_on","0","1","0","2","OK"
"5","odl_user_2227125@otuwacne104067.onmicrosoft.com","e4b42f53-aa42-47fb-b6c4-2094797b71e1","Microsoft_365_E5_(no_Teams)","0","1","0","1","OK"
"5","odl_user_2227126@otuwacne104068.onmicrosoft.com","c7bdbea2-b9fb-4510-96b1-3ffa23d764bb","Microsoft_Intune_Suite","0","1","0","2","OK"
"5","odl_user_2227126@otuwacne104068.onmicrosoft.com","c7bdbea2-b9fb-4510-96b1-3ffa23d764bb","AAD_PREMIUM_P2","0","3","0","5","OK"
"5","odl_user_2227126@otuwacne104068.onmicrosoft.com","c7bdbea2-b9fb-4510-96b1-3ffa23d764bb","TVM_Premium_Add_on","0","1","0","2","OK"
"5","odl_user_2227126@otuwacne104068.onmicrosoft.com","c7bdbea2-b9fb-4510-96b1-3ffa23d764bb","Microsoft_365_E5_(no_Teams)","0","1","0","1","OK"
"5","odl_user_2227127@otuwacne104069.onmicrosoft.com","4744ded2-5d95-4b46-8f14-0a84c08f71f5","Microsoft_Intune_Suite","0","1","0","2","OK"
"5","odl_user_2227127@otuwacne104069.onmicrosoft.com","4744ded2-5d95-4b46-8f14-0a84c08f71f5","AAD_PREMIUM_P2","0","3","0","5","OK"
"5","odl_user_2227127@otuwacne104069.onmicrosoft.com","4744ded2-5d95-4b46-8f14-0a84c08f71f5","TVM_Premium_Add_on","0","1","0","2","OK"
"5","odl_user_2227127@otuwacne104069.onmicrosoft.com","4744ded2-5d95-4b46-8f14-0a84c08f71f5","Microsoft_365_E5_(no_Teams)","0","1","0","1","OK"
"5","odl_user_2227128@otuwacne104070.onmicrosoft.com","c5cd50e2-be0c-4bc9-807c-a3953ead2da4","Microsoft_Intune_Suite","0","1","0","2","OK"
"5","odl_user_2227128@otuwacne104070.onmicrosoft.com","c5cd50e2-be0c-4bc9-807c-a3953ead2da4","AAD_PREMIUM_P2","0","3","0","5","OK"
"5","odl_user_2227128@otuwacne104070.onmicrosoft.com","c5cd50e2-be0c-4bc9-807c-a3953ead2da4","TVM_Premium_Add_on","0","1","0","2","OK"
"5","odl_user_2227128@otuwacne104070.onmicrosoft.com","c5cd50e2-be0c-4bc9-807c-a3953ead2da4","Microsoft_365_E5_(no_Teams)","0","1","0","1","OK"
"5","odl_user_2227129@otuwacne104071.onmicrosoft.com","0cc0aa9c-7cd6-491d-b049-cb2747f476e6","Microsoft_Intune_Suite","0","1","0","2","OK"
"5","odl_user_2227129@otuwacne104071.onmicrosoft.com","0cc0aa9c-7cd6-491d-b049-cb2747f476e6","AAD_PREMIUM_P2","0","3","0","5","OK"
"5","odl_user_2227129@otuwacne104071.onmicrosoft.com","0cc0aa9c-7cd6-491d-b049-cb2747f476e6","TVM_Premium_Add_on","0","1","0","2","OK"
"5","odl_user_2227129@otuwacne104071.onmicrosoft.com","0cc0aa9c-7cd6-491d-b049-cb2747f476e6","Microsoft_365_E5_(no_Teams)","0","1","0","1","OK"
"5","odl_user_2227130@otuwacne104072.onmicrosoft.com","8277c11b-f94a-4827-802e-f04c56130f91","Microsoft_Intune_Suite","0","1","0","2","OK"
"5","odl_user_2227130@otuwacne104072.onmicrosoft.com","8277c11b-f94a-4827-802e-f04c56130f91","AAD_PREMIUM_P2","0","3","0","5","OK"
"5","odl_user_2227130@otuwacne104072.onmicrosoft.com","8277c11b-f94a-4827-802e-f04c56130f91","TVM_Premium_Add_on","0","1","0","2","OK"
"5","odl_user_2227130@otuwacne104072.onmicrosoft.com","8277c11b-f94a-4827-802e-f04c56130f91","Microsoft_365_E5_(no_Teams)","0","1","0","1","OK"
"5","odl_user_2227131@otuwacne104073.onmicrosoft.com","eabd3472-cea8-44cc-bd41-11ce48ea1e28","Microsoft_Intune_Suite","0","1","0","2","OK"
"5","odl_user_2227131@otuwacne104073.onmicrosoft.com","eabd3472-cea8-44cc-bd41-11ce48ea1e28","AAD_PREMIUM_P2","0","3","0","5","OK"
"5","odl_user_2227131@otuwacne104073.onmicrosoft.com","eabd3472-cea8-44cc-bd41-11ce48ea1e28","TVM_Premium_Add_on","0","1","0","2","OK"
"5","odl_user_2227131@otuwacne104073.onmicrosoft.com","eabd3472-cea8-44cc-bd41-11ce48ea1e28","Microsoft_365_E5_(no_Teams)","0","1","0","1","OK"
"5","odl_user_2227132@otuwacne104074.onmicrosoft.com","c34e3c3c-cdea-4df4-a9b2-a8f075d51414","Microsoft_Intune_Suite","0","1","0","2","OK"
"5","odl_user_2227132@otuwacne104074.onmicrosoft.com","c34e3c3c-cdea-4df4-a9b2-a8f075d51414","AAD_PREMIUM_P2","0","3","0","5","OK"
"5","odl_user_2227132@otuwacne104074.onmicrosoft.com","c34e3c3c-cdea-4df4-a9b2-a8f075d51414","TVM_Premium_Add_on","0","1","0","2","OK"
"5","odl_user_2227132@otuwacne104074.onmicrosoft.com","c34e3c3c-cdea-4df4-a9b2-a8f075d51414","Microsoft_365_E5_(no_Teams)","0","1","0","1","OK"
"5","odl_user_2227133@otuwacne104075.onmicrosoft.com","59aec059-467b-4420-85f8-63a5999e240f","Microsoft_Intune_Suite","0","1","0","2","OK"
"5","odl_user_2227133@otuwacne104075.onmicrosoft.com","59aec059-467b-4420-85f8-63a5999e240f","AAD_PREMIUM_P2","0","3","0","5","OK"
"5","odl_user_2227133@otuwacne104075.onmicrosoft.com","59aec059-467b-4420-85f8-63a5999e240f","TVM_Premium_Add_on","0","1","0","2","OK"
"5","odl_user_2227133@otuwacne104075.onmicrosoft.com","59aec059-467b-4420-85f8-63a5999e240f","Microsoft_365_E5_(no_Teams)","0","1","0","1","OK"
"5","odl_user_2227134@otuwacne104076.onmicrosoft.com","039b067a-d159-46ae-9491-a878b09a1854","Microsoft_Intune_Suite","0","1","0","2","OK"
"5","odl_user_2227134@otuwacne104076.onmicrosoft.com","039b067a-d159-46ae-9491-a878b09a1854","AAD_PREMIUM_P2","0","3","0","5","OK"
"5","odl_user_2227134@otuwacne104076.onmicrosoft.com","039b067a-d159-46ae-9491-a878b09a1854","TVM_Premium_Add_on","0","1","0","2","OK"
"5","odl_user_2227134@otuwacne104076.onmicrosoft.com","039b067a-d159-46ae-9491-a878b09a1854","Microsoft_365_E5_(no_Teams)","0","1","0","1","OK"
"5","odl_user_2227135@otuwacne104077.onmicrosoft.com","fffffc5f-ed67-423c-8df1-2731e736fdef","Microsoft_Intune_Suite","0","1","0","2","OK"
"5","odl_user_2227135@otuwacne104077.onmicrosoft.com","fffffc5f-ed67-423c-8df1-2731e736fdef","AAD_PREMIUM_P2","0","3","0","5","OK"
"5","odl_user_2227135@otuwacne104077.onmicrosoft.com","fffffc5f-ed67-423c-8df1-2731e736fdef","TVM_Premium_Add_on","0","1","0","2","OK"
"5","odl_user_2227135@otuwacne104077.onmicrosoft.com","fffffc5f-ed67-423c-8df1-2731e736fdef","Microsoft_365_E5_(no_Teams)","0","1","0","1","OK"
"5","odl_user_2227136@otuwacne104078.onmicrosoft.com","9fe88f78-24f5-4678-8e17-9617d6a4e5e4","Microsoft_Intune_Suite","0","1","0","2","OK"
"5","odl_user_2227136@otuwacne104078.onmicrosoft.com","9fe88f78-24f5-4678-8e17-9617d6a4e5e4","AAD_PREMIUM_P2","0","3","0","5","OK"
"5","odl_user_2227136@otuwacne104078.onmicrosoft.com","9fe88f78-24f5-4678-8e17-9617d6a4e5e4","TVM_Premium_Add_on","0","1","0","2","OK"
"5","odl_user_2227136@otuwacne104078.onmicrosoft.com","9fe88f78-24f5-4678-8e17-9617d6a4e5e4","Microsoft_365_E5_(no_Teams)","0","1","0","1","OK"
"5","odl_user_2227139@otuwacne104079.onmicrosoft.com","4c6c118e-ce79-4ac5-a042-b280b35a2701","Microsoft_Intune_Suite","0","1","0","2","OK"
"5","odl_user_2227139@otuwacne104079.onmicrosoft.com","4c6c118e-ce79-4ac5-a042-b280b35a2701","AAD_PREMIUM_P2","0","3","0","5","OK"
"5","odl_user_2227139@otuwacne104079.onmicrosoft.com","4c6c118e-ce79-4ac5-a042-b280b35a2701","TVM_Premium_Add_on","0","1","0","2","OK"
"5","odl_user_2227139@otuwacne104079.onmicrosoft.com","4c6c118e-ce79-4ac5-a042-b280b35a2701","Microsoft_365_E5_(no_Teams)","0","1","0","1","OK"
"5","odl_user_2227141@otuwacne104081.onmicrosoft.com","88b000cc-65b0-45f9-a3d1-35d6fb306199","Microsoft_Intune_Suite","0","1","0","2","OK"
"5","odl_user_2227141@otuwacne104081.onmicrosoft.com","88b000cc-65b0-45f9-a3d1-35d6fb306199","AAD_PREMIUM_P2","0","3","0","5","OK"
"5","odl_user_2227141@otuwacne104081.onmicrosoft.com","88b000cc-65b0-45f9-a3d1-35d6fb306199","TVM_Premium_Add_on","0","1","0","2","OK"
"5","odl_user_2227141@otuwacne104081.onmicrosoft.com","88b000cc-65b0-45f9-a3d1-35d6fb306199","Microsoft_365_E5_(no_Teams)","0","1","0","1","OK"
"5","odl_user_2227143@otuwacne104082.onmicrosoft.com","5a54a022-ffd8-4b15-a641-cac2ba978e2f","Microsoft_Intune_Suite","0","1","0","2","OK"
"5","odl_user_2227143@otuwacne104082.onmicrosoft.com","5a54a022-ffd8-4b15-a641-cac2ba978e2f","AAD_PREMIUM_P2","0","3","0","5","OK"
"5","odl_user_2227143@otuwacne104082.onmicrosoft.com","5a54a022-ffd8-4b15-a641-cac2ba978e2f","TVM_Premium_Add_on","0","1","0","2","OK"
"5","odl_user_2227143@otuwacne104082.onmicrosoft.com","5a54a022-ffd8-4b15-a641-cac2ba978e2f","Microsoft_365_E5_(no_Teams)","0","1","0","1","OK"
"5","odl_user_2227144@otuwacne104083.onmicrosoft.com","99e0ff93-035f-419c-ad2c-52c76c2771d0","Microsoft_Intune_Suite","0","1","0","2","OK"
"5","odl_user_2227144@otuwacne104083.onmicrosoft.com","99e0ff93-035f-419c-ad2c-52c76c2771d0","AAD_PREMIUM_P2","0","3","0","5","OK"
"5","odl_user_2227144@otuwacne104083.onmicrosoft.com","99e0ff93-035f-419c-ad2c-52c76c2771d0","TVM_Premium_Add_on","0","1","0","2","OK"
"5","odl_user_2227144@otuwacne104083.onmicrosoft.com","99e0ff93-035f-419c-ad2c-52c76c2771d0","Microsoft_365_E5_(no_Teams)","0","1","0","1","OK"
"5","odl_user_2227145@otuwacne104084.onmicrosoft.com","79c7b966-de31-442d-bf0b-3d88382e79e8","Microsoft_Intune_Suite","0","1","0","2","OK"
"5","odl_user_2227145@otuwacne104084.onmicrosoft.com","79c7b966-de31-442d-bf0b-3d88382e79e8","AAD_PREMIUM_P2","0","3","0","5","OK"
"5","odl_user_2227145@otuwacne104084.onmicrosoft.com","79c7b966-de31-442d-bf0b-3d88382e79e8","TVM_Premium_Add_on","0","1","0","2","OK"
"5","odl_user_2227145@otuwacne104084.onmicrosoft.com","79c7b966-de31-442d-bf0b-3d88382e79e8","Microsoft_365_E5_(no_Teams)","0","1","0","1","OK"
"5","odl_user_2227146@otuwacne104085.onmicrosoft.com","b30055c9-27ae-4ede-ae7a-515d82f6e7d3","Microsoft_Intune_Suite","0","1","0","2","OK"
"5","odl_user_2227146@otuwacne104085.onmicrosoft.com","b30055c9-27ae-4ede-ae7a-515d82f6e7d3","AAD_PREMIUM_P2","0","3","0","5","OK"
"5","odl_user_2227146@otuwacne104085.onmicrosoft.com","b30055c9-27ae-4ede-ae7a-515d82f6e7d3","TVM_Premium_Add_on","0","1","0","2","OK"
"5","odl_user_2227146@otuwacne104085.onmicrosoft.com","b30055c9-27ae-4ede-ae7a-515d82f6e7d3","Microsoft_365_E5_(no_Teams)","0","1","0","1","OK"
"5","odl_user_2227147@otuwacne104086.onmicrosoft.com","f0d3645a-9cca-4708-8384-30e72a9ef7cb","Microsoft_Intune_Suite","0","1","0","2","OK"
"5","odl_user_2227147@otuwacne104086.onmicrosoft.com","f0d3645a-9cca-4708-8384-30e72a9ef7cb","AAD_PREMIUM_P2","0","3","0","5","OK"
"5","odl_user_2227147@otuwacne104086.onmicrosoft.com","f0d3645a-9cca-4708-8384-30e72a9ef7cb","TVM_Premium_Add_on","0","1","0","2","OK"
"5","odl_user_2227147@otuwacne104086.onmicrosoft.com","f0d3645a-9cca-4708-8384-30e72a9ef7cb","Microsoft_365_E5_(no_Teams)","0","1","0","1","OK"
"5","odl_user_2227148@otuwacne104087.onmicrosoft.com","41ebf7d4-d43f-4002-bf3c-a3e0a95602a9","Microsoft_Intune_Suite","0","1","0","2","OK"
"5","odl_user_2227148@otuwacne104087.onmicrosoft.com","41ebf7d4-d43f-4002-bf3c-a3e0a95602a9","AAD_PREMIUM_P2","0","3","0","5","OK"
"5","odl_user_2227148@otuwacne104087.onmicrosoft.com","41ebf7d4-d43f-4002-bf3c-a3e0a95602a9","TVM_Premium_Add_on","0","1","0","2","OK"
"5","odl_user_2227148@otuwacne104087.onmicrosoft.com","41ebf7d4-d43f-4002-bf3c-a3e0a95602a9","Microsoft_365_E5_(no_Teams)","0","1","0","1","OK"
"5","odl_user_2227149@otuwacne104088.onmicrosoft.com","13d54f97-dbc2-4bdc-8e63-73570156e316","Microsoft_Intune_Suite","0","1","0","2","OK"
"5","odl_user_2227149@otuwacne104088.onmicrosoft.com","13d54f97-dbc2-4bdc-8e63-73570156e316","AAD_PREMIUM_P2","0","3","0","5","OK"
"5","odl_user_2227149@otuwacne104088.onmicrosoft.com","13d54f97-dbc2-4bdc-8e63-73570156e316","TVM_Premium_Add_on","0","1","0","2","OK"
"5","odl_user_2227149@otuwacne104088.onmicrosoft.com","13d54f97-dbc2-4bdc-8e63-73570156e316","Microsoft_365_E5_(no_Teams)","0","1","0","1","OK"
"6","odl_user_2227150@otuwacne104089.onmicrosoft.com","38b4320e-2914-4d39-a1b0-f84d5cd00b4c","Microsoft_Intune_Suite","0","1","0","2","OK"
"6","odl_user_2227150@otuwacne104089.onmicrosoft.com","38b4320e-2914-4d39-a1b0-f84d5cd00b4c","AAD_PREMIUM_P2","0","3","0","5","OK"
"6","odl_user_2227150@otuwacne104089.onmicrosoft.com","38b4320e-2914-4d39-a1b0-f84d5cd00b4c","TVM_Premium_Add_on","0","1","0","2","OK"
"6","odl_user_2227150@otuwacne104089.onmicrosoft.com","38b4320e-2914-4d39-a1b0-f84d5cd00b4c","Microsoft_365_E5_(no_Teams)","0","1","0","1","OK"
"6","odl_user_2227152@otuwacne104090.onmicrosoft.com","3fb216ef-d15e-4bc1-b4e4-ff7df340a3c6","Microsoft_Intune_Suite","0","1","0","2","OK"
"6","odl_user_2227152@otuwacne104090.onmicrosoft.com","3fb216ef-d15e-4bc1-b4e4-ff7df340a3c6","AAD_PREMIUM_P2","0","3","0","5","OK"
"6","odl_user_2227152@otuwacne104090.onmicrosoft.com","3fb216ef-d15e-4bc1-b4e4-ff7df340a3c6","TVM_Premium_Add_on","0","1","0","2","OK"
"6","odl_user_2227152@otuwacne104090.onmicrosoft.com","3fb216ef-d15e-4bc1-b4e4-ff7df340a3c6","Microsoft_365_E5_(no_Teams)","0","1","0","1","OK"
"6","odl_user_2227153@otuwacne104091.onmicrosoft.com","0fbb23d4-9235-4591-9781-ec45aeb4f751","Microsoft_Intune_Suite","0","1","0","2","OK"
"6","odl_user_2227153@otuwacne104091.onmicrosoft.com","0fbb23d4-9235-4591-9781-ec45aeb4f751","AAD_PREMIUM_P2","0","3","0","5","OK"
"6","odl_user_2227153@otuwacne104091.onmicrosoft.com","0fbb23d4-9235-4591-9781-ec45aeb4f751","TVM_Premium_Add_on","0","1","0","2","OK"
"6","odl_user_2227153@otuwacne104091.onmicrosoft.com","0fbb23d4-9235-4591-9781-ec45aeb4f751","Microsoft_365_E5_(no_Teams)","0","1","0","1","OK"
"6","odl_user_2227155@otuwacne104093.onmicrosoft.com","614d81ce-ff26-41b6-9cbf-be7175ea33a1","Microsoft_Intune_Suite","0","1","0","2","OK"
"6","odl_user_2227155@otuwacne104093.onmicrosoft.com","614d81ce-ff26-41b6-9cbf-be7175ea33a1","AAD_PREMIUM_P2","0","3","0","5","OK"
"6","odl_user_2227155@otuwacne104093.onmicrosoft.com","614d81ce-ff26-41b6-9cbf-be7175ea33a1","TVM_Premium_Add_on","0","1","0","2","OK"
"6","odl_user_2227155@otuwacne104093.onmicrosoft.com","614d81ce-ff26-41b6-9cbf-be7175ea33a1","Microsoft_365_E5_(no_Teams)","0","1","0","1","OK"
"6","odl_user_2227156@otuwacne104094.onmicrosoft.com","e7007ca9-c6c8-42f7-afcb-741d10b928a8","Microsoft_Intune_Suite","0","1","0","2","OK"
"6","odl_user_2227156@otuwacne104094.onmicrosoft.com","e7007ca9-c6c8-42f7-afcb-741d10b928a8","AAD_PREMIUM_P2","0","3","0","5","OK"
"6","odl_user_2227156@otuwacne104094.onmicrosoft.com","e7007ca9-c6c8-42f7-afcb-741d10b928a8","TVM_Premium_Add_on","0","1","0","2","OK"
"6","odl_user_2227156@otuwacne104094.onmicrosoft.com","e7007ca9-c6c8-42f7-afcb-741d10b928a8","Microsoft_365_E5_(no_Teams)","0","1","0","1","OK"
"6","odl_user_2227157@otuwacne104095.onmicrosoft.com","1d13c70e-5030-49dc-b89c-4d6c2d17ea82","Microsoft_Intune_Suite","0","1","0","2","OK"
"6","odl_user_2227157@otuwacne104095.onmicrosoft.com","1d13c70e-5030-49dc-b89c-4d6c2d17ea82","AAD_PREMIUM_P2","0","3","0","5","OK"
"6","odl_user_2227157@otuwacne104095.onmicrosoft.com","1d13c70e-5030-49dc-b89c-4d6c2d17ea82","TVM_Premium_Add_on","0","1","0","2","OK"
"6","odl_user_2227157@otuwacne104095.onmicrosoft.com","1d13c70e-5030-49dc-b89c-4d6c2d17ea82","Microsoft_365_E5_(no_Teams)","0","1","0","1","OK"
"6","odl_user_2227158@otuwacne104096.onmicrosoft.com","c4bf8931-ec00-4f7c-a81d-698796ab6b24","Microsoft_Intune_Suite","0","1","0","2","OK"
"6","odl_user_2227158@otuwacne104096.onmicrosoft.com","c4bf8931-ec00-4f7c-a81d-698796ab6b24","AAD_PREMIUM_P2","0","3","0","5","OK"
"6","odl_user_2227158@otuwacne104096.onmicrosoft.com","c4bf8931-ec00-4f7c-a81d-698796ab6b24","TVM_Premium_Add_on","0","1","0","2","OK"
"6","odl_user_2227158@otuwacne104096.onmicrosoft.com","c4bf8931-ec00-4f7c-a81d-698796ab6b24","Microsoft_365_E5_(no_Teams)","0","1","0","1","OK"
"6","odl_user_2227159@otuwacne104097.onmicrosoft.com","b54d1da8-1c46-4fa0-971b-94c6ff10f50a","Microsoft_Intune_Suite","0","1","0","2","OK"
"6","odl_user_2227159@otuwacne104097.onmicrosoft.com","b54d1da8-1c46-4fa0-971b-94c6ff10f50a","AAD_PREMIUM_P2","0","3","0","5","OK"
"6","odl_user_2227159@otuwacne104097.onmicrosoft.com","b54d1da8-1c46-4fa0-971b-94c6ff10f50a","TVM_Premium_Add_on","0","1","0","2","OK"
"6","odl_user_2227159@otuwacne104097.onmicrosoft.com","b54d1da8-1c46-4fa0-971b-94c6ff10f50a","Microsoft_365_E5_(no_Teams)","0","1","0","1","OK"
"6","odl_user_2227160@otuwacne104098.onmicrosoft.com","e4dd101a-fac1-44bb-a00e-90f9e6985165","Microsoft_Intune_Suite","0","1","0","2","OK"
"6","odl_user_2227160@otuwacne104098.onmicrosoft.com","e4dd101a-fac1-44bb-a00e-90f9e6985165","AAD_PREMIUM_P2","0","3","0","5","OK"
"6","odl_user_2227160@otuwacne104098.onmicrosoft.com","e4dd101a-fac1-44bb-a00e-90f9e6985165","TVM_Premium_Add_on","0","1","0","2","OK"
"6","odl_user_2227160@otuwacne104098.onmicrosoft.com","e4dd101a-fac1-44bb-a00e-90f9e6985165","Microsoft_365_E5_(no_Teams)","0","1","0","1","OK"
"6","odl_user_2227162@otuwacne104100.onmicrosoft.com","ffa720c8-8323-40c0-beb7-05e89a8becbe","Microsoft_Intune_Suite","0","1","0","2","OK"
"6","odl_user_2227162@otuwacne104100.onmicrosoft.com","ffa720c8-8323-40c0-beb7-05e89a8becbe","AAD_PREMIUM_P2","0","3","0","5","OK"
"6","odl_user_2227162@otuwacne104100.onmicrosoft.com","ffa720c8-8323-40c0-beb7-05e89a8becbe","TVM_Premium_Add_on","0","1","0","2","OK"
"6","odl_user_2227162@otuwacne104100.onmicrosoft.com","ffa720c8-8323-40c0-beb7-05e89a8becbe","Microsoft_365_E5_(no_Teams)","0","1","0","1","OK"
"6","odl_user_2227163@otuwacne104101.onmicrosoft.com","89aad810-ad6f-4ff0-9d86-adbef742e953","Microsoft_Intune_Suite","0","1","0","2","OK"
"6","odl_user_2227163@otuwacne104101.onmicrosoft.com","89aad810-ad6f-4ff0-9d86-adbef742e953","AAD_PREMIUM_P2","0","3","0","5","OK"
"6","odl_user_2227163@otuwacne104101.onmicrosoft.com","89aad810-ad6f-4ff0-9d86-adbef742e953","TVM_Premium_Add_on","0","1","0","2","OK"
"6","odl_user_2227163@otuwacne104101.onmicrosoft.com","89aad810-ad6f-4ff0-9d86-adbef742e953","Microsoft_365_E5_(no_Teams)","0","1","0","1","OK"
"6","odl_user_2227164@otuwacne104102.onmicrosoft.com","cd591841-6899-48ac-b3e5-cf74dcb8adce","Microsoft_Intune_Suite","0","1","0","2","OK"
"6","odl_user_2227164@otuwacne104102.onmicrosoft.com","cd591841-6899-48ac-b3e5-cf74dcb8adce","AAD_PREMIUM_P2","0","3","0","5","OK"
"6","odl_user_2227164@otuwacne104102.onmicrosoft.com","cd591841-6899-48ac-b3e5-cf74dcb8adce","TVM_Premium_Add_on","0","1","0","2","OK"
"6","odl_user_2227164@otuwacne104102.onmicrosoft.com","cd591841-6899-48ac-b3e5-cf74dcb8adce","Microsoft_365_E5_(no_Teams)","0","1","0","1","OK"
"6","odl_user_2227165@otuwacne104103.onmicrosoft.com","cd16277f-fbbb-4f3b-8880-591e19913111","Microsoft_Intune_Suite","0","1","0","2","OK"
"6","odl_user_2227165@otuwacne104103.onmicrosoft.com","cd16277f-fbbb-4f3b-8880-591e19913111","AAD_PREMIUM_P2","0","3","0","5","OK"
"6","odl_user_2227165@otuwacne104103.onmicrosoft.com","cd16277f-fbbb-4f3b-8880-591e19913111","TVM_Premium_Add_on","0","1","0","2","OK"
"6","odl_user_2227165@otuwacne104103.onmicrosoft.com","cd16277f-fbbb-4f3b-8880-591e19913111","Microsoft_365_E5_(no_Teams)","0","1","0","1","OK"
"6","odl_user_2227166@otuwacne104104.onmicrosoft.com","24c99700-fdc7-45f8-a8c2-33c0c28abec8","Microsoft_Intune_Suite","0","1","0","2","OK"
"6","odl_user_2227166@otuwacne104104.onmicrosoft.com","24c99700-fdc7-45f8-a8c2-33c0c28abec8","AAD_PREMIUM_P2","0","3","0","5","OK"
"6","odl_user_2227166@otuwacne104104.onmicrosoft.com","24c99700-fdc7-45f8-a8c2-33c0c28abec8","TVM_Premium_Add_on","0","1","0","2","OK"
"6","odl_user_2227166@otuwacne104104.onmicrosoft.com","24c99700-fdc7-45f8-a8c2-33c0c28abec8","Microsoft_365_E5_(no_Teams)","0","1","0","1","OK"
"6","odl_user_2227167@otuwacne104105.onmicrosoft.com","7527fd43-9ae6-4828-8acb-1477c5b38822","Microsoft_Intune_Suite","0","1","0","2","OK"
"6","odl_user_2227167@otuwacne104105.onmicrosoft.com","7527fd43-9ae6-4828-8acb-1477c5b38822","AAD_PREMIUM_P2","0","3","0","5","OK"
"6","odl_user_2227167@otuwacne104105.onmicrosoft.com","7527fd43-9ae6-4828-8acb-1477c5b38822","TVM_Premium_Add_on","0","1","0","2","OK"
"6","odl_user_2227167@otuwacne104105.onmicrosoft.com","7527fd43-9ae6-4828-8acb-1477c5b38822","Microsoft_365_E5_(no_Teams)","0","1","0","1","OK"
"6","odl_user_2227168@otuwacne104106.onmicrosoft.com","da6307bd-eed0-4402-89b8-0f5cec6c93f3","Microsoft_Intune_Suite","0","1","0","2","OK"
"6","odl_user_2227168@otuwacne104106.onmicrosoft.com","da6307bd-eed0-4402-89b8-0f5cec6c93f3","AAD_PREMIUM_P2","0","3","0","5","OK"
"6","odl_user_2227168@otuwacne104106.onmicrosoft.com","da6307bd-eed0-4402-89b8-0f5cec6c93f3","TVM_Premium_Add_on","0","1","0","2","OK"
"6","odl_user_2227168@otuwacne104106.onmicrosoft.com","da6307bd-eed0-4402-89b8-0f5cec6c93f3","Microsoft_365_E5_(no_Teams)","0","1","0","1","OK"
"6","odl_user_2227169@otuwacne104107.onmicrosoft.com","36d0b1fc-cf54-4db5-bad9-52acf31bb1e3","Microsoft_Intune_Suite","0","1","0","2","OK"
"6","odl_user_2227169@otuwacne104107.onmicrosoft.com","36d0b1fc-cf54-4db5-bad9-52acf31bb1e3","AAD_PREMIUM_P2","0","3","0","5","OK"
"6","odl_user_2227169@otuwacne104107.onmicrosoft.com","36d0b1fc-cf54-4db5-bad9-52acf31bb1e3","TVM_Premium_Add_on","0","1","0","2","OK"
"6","odl_user_2227169@otuwacne104107.onmicrosoft.com","36d0b1fc-cf54-4db5-bad9-52acf31bb1e3","Microsoft_365_E5_(no_Teams)","0","1","0","1","OK"
"6","odl_user_2227170@otuwacne104108.onmicrosoft.com","b275cdc4-7e0e-4120-9e01-ab42741fc6aa","Microsoft_Intune_Suite","0","1","0","2","OK"
"6","odl_user_2227170@otuwacne104108.onmicrosoft.com","b275cdc4-7e0e-4120-9e01-ab42741fc6aa","AAD_PREMIUM_P2","0","3","0","5","OK"
"6","odl_user_2227170@otuwacne104108.onmicrosoft.com","b275cdc4-7e0e-4120-9e01-ab42741fc6aa","TVM_Premium_Add_on","0","1","0","2","OK"
"6","odl_user_2227170@otuwacne104108.onmicrosoft.com","b275cdc4-7e0e-4120-9e01-ab42741fc6aa","Microsoft_365_E5_(no_Teams)","0","1","0","1","OK"
"6","odl_user_2227171@otuwacne104109.onmicrosoft.com","40e3ec6d-6854-4956-b079-6c6422460edf","Microsoft_Intune_Suite","0","1","0","2","OK"
"6","odl_user_2227171@otuwacne104109.onmicrosoft.com","40e3ec6d-6854-4956-b079-6c6422460edf","AAD_PREMIUM_P2","0","3","0","5","OK"
"6","odl_user_2227171@otuwacne104109.onmicrosoft.com","40e3ec6d-6854-4956-b079-6c6422460edf","TVM_Premium_Add_on","0","1","0","2","OK"
"6","odl_user_2227171@otuwacne104109.onmicrosoft.com","40e3ec6d-6854-4956-b079-6c6422460edf","Microsoft_365_E5_(no_Teams)","0","1","0","1","OK"
"6","odl_user_2227172@otuwacne104110.onmicrosoft.com","87a94d19-c052-4609-a60b-d1b6e8780e72","Microsoft_Intune_Suite","0","1","0","2","OK"
"6","odl_user_2227172@otuwacne104110.onmicrosoft.com","87a94d19-c052-4609-a60b-d1b6e8780e72","AAD_PREMIUM_P2","0","3","0","5","OK"
"6","odl_user_2227172@otuwacne104110.onmicrosoft.com","87a94d19-c052-4609-a60b-d1b6e8780e72","TVM_Premium_Add_on","0","1","0","2","OK"
"6","odl_user_2227172@otuwacne104110.onmicrosoft.com","87a94d19-c052-4609-a60b-d1b6e8780e72","Microsoft_365_E5_(no_Teams)","0","1","0","1","OK"
"6","odl_user_2227173@otuwacne104111.onmicrosoft.com","66ae8b26-1fa0-4041-8eb4-0379ab27cde7","Microsoft_Intune_Suite","0","1","0","2","OK"
"6","odl_user_2227173@otuwacne104111.onmicrosoft.com","66ae8b26-1fa0-4041-8eb4-0379ab27cde7","AAD_PREMIUM_P2","0","3","0","5","OK"
"6","odl_user_2227173@otuwacne104111.onmicrosoft.com","66ae8b26-1fa0-4041-8eb4-0379ab27cde7","TVM_Premium_Add_on","0","1","0","2","OK"
"6","odl_user_2227173@otuwacne104111.onmicrosoft.com","66ae8b26-1fa0-4041-8eb4-0379ab27cde7","Microsoft_365_E5_(no_Teams)","1","1","0","1","OK"
"6","odl_user_2227174@otuwacne104112.onmicrosoft.com","d40beacd-20c1-422b-853a-ef84450b9ac7","Microsoft_Intune_Suite","0","1","0","2","OK"
"6","odl_user_2227174@otuwacne104112.onmicrosoft.com","d40beacd-20c1-422b-853a-ef84450b9ac7","AAD_PREMIUM_P2","0","3","0","5","OK"
"6","odl_user_2227174@otuwacne104112.onmicrosoft.com","d40beacd-20c1-422b-853a-ef84450b9ac7","TVM_Premium_Add_on","0","1","0","2","OK"
"6","odl_user_2227174@otuwacne104112.onmicrosoft.com","d40beacd-20c1-422b-853a-ef84450b9ac7","Microsoft_365_E5_(no_Teams)","0","1","0","1","OK"
"6","odl_user_2227175@otuwacne104113.onmicrosoft.com","a4746cf3-e9be-4060-9657-1aaa2af0012b","Microsoft_Intune_Suite","0","1","0","2","OK"
"6","odl_user_2227175@otuwacne104113.onmicrosoft.com","a4746cf3-e9be-4060-9657-1aaa2af0012b","AAD_PREMIUM_P2","0","3","0","5","OK"
"6","odl_user_2227175@otuwacne104113.onmicrosoft.com","a4746cf3-e9be-4060-9657-1aaa2af0012b","TVM_Premium_Add_on","0","1","0","2","OK"
"6","odl_user_2227175@otuwacne104113.onmicrosoft.com","a4746cf3-e9be-4060-9657-1aaa2af0012b","Microsoft_365_E5_(no_Teams)","0","1","0","1","OK"
"6","odl_user_2227176@otuwacne104114.onmicrosoft.com","1039fe82-b430-4ea1-8e5e-b480d95cd15a","Microsoft_Intune_Suite","0","1","0","2","OK"
"6","odl_user_2227176@otuwacne104114.onmicrosoft.com","1039fe82-b430-4ea1-8e5e-b480d95cd15a","AAD_PREMIUM_P2","0","3","0","5","OK"
"6","odl_user_2227176@otuwacne104114.onmicrosoft.com","1039fe82-b430-4ea1-8e5e-b480d95cd15a","TVM_Premium_Add_on","0","1","0","2","OK"
"6","odl_user_2227176@otuwacne104114.onmicrosoft.com","1039fe82-b430-4ea1-8e5e-b480d95cd15a","Microsoft_365_E5_(no_Teams)","0","1","0","1","OK"
"6","odl_user_2227177@otuwacne104115.onmicrosoft.com","a8a5bc5b-f340-4f94-8ccc-aa2584c9990c","Microsoft_Intune_Suite","0","1","0","2","OK"
"6","odl_user_2227177@otuwacne104115.onmicrosoft.com","a8a5bc5b-f340-4f94-8ccc-aa2584c9990c","AAD_PREMIUM_P2","0","3","0","5","OK"
"6","odl_user_2227177@otuwacne104115.onmicrosoft.com","a8a5bc5b-f340-4f94-8ccc-aa2584c9990c","TVM_Premium_Add_on","0","1","0","2","OK"
"6","odl_user_2227177@otuwacne104115.onmicrosoft.com","a8a5bc5b-f340-4f94-8ccc-aa2584c9990c","Microsoft_365_E5_(no_Teams)","0","1","0","1","OK"
"6","odl_user_2227178@otuwacne104116.onmicrosoft.com","071e107f-2c66-4d45-aba1-c89db3e330ad","Microsoft_Intune_Suite","0","1","0","2","OK"
"6","odl_user_2227178@otuwacne104116.onmicrosoft.com","071e107f-2c66-4d45-aba1-c89db3e330ad","AAD_PREMIUM_P2","0","3","0","5","OK"
"6","odl_user_2227178@otuwacne104116.onmicrosoft.com","071e107f-2c66-4d45-aba1-c89db3e330ad","TVM_Premium_Add_on","0","1","0","2","OK"
"6","odl_user_2227178@otuwacne104116.onmicrosoft.com","071e107f-2c66-4d45-aba1-c89db3e330ad","Microsoft_365_E5_(no_Teams)","0","1","0","1","OK"
"6","odl_user_2227179@otuwacne104117.onmicrosoft.com","89488c30-61d2-4fe6-a3be-d6cd958e117e","Microsoft_Intune_Suite","0","1","0","2","OK"
"6","odl_user_2227179@otuwacne104117.onmicrosoft.com","89488c30-61d2-4fe6-a3be-d6cd958e117e","AAD_PREMIUM_P2","0","3","0","5","OK"
"6","odl_user_2227179@otuwacne104117.onmicrosoft.com","89488c30-61d2-4fe6-a3be-d6cd958e117e","TVM_Premium_Add_on","0","1","0","2","OK"
"6","odl_user_2227179@otuwacne104117.onmicrosoft.com","89488c30-61d2-4fe6-a3be-d6cd958e117e","Microsoft_365_E5_(no_Teams)","0","1","0","1","OK"
"6","odl_user_2227180@otuwacne104118.onmicrosoft.com","bda74783-ac25-4e0c-8819-7b3e5bb8a334","Microsoft_Intune_Suite","0","1","0","2","OK"
"6","odl_user_2227180@otuwacne104118.onmicrosoft.com","bda74783-ac25-4e0c-8819-7b3e5bb8a334","AAD_PREMIUM_P2","0","3","0","5","OK"
"6","odl_user_2227180@otuwacne104118.onmicrosoft.com","bda74783-ac25-4e0c-8819-7b3e5bb8a334","TVM_Premium_Add_on","0","1","0","2","OK"
"6","odl_user_2227180@otuwacne104118.onmicrosoft.com","bda74783-ac25-4e0c-8819-7b3e5bb8a334","Microsoft_365_E5_(no_Teams)","0","1","0","1","OK"
"6","odl_user_2227182@otuwacne104120.onmicrosoft.com","3893deb4-f0fb-4ed9-b757-e61dfa8b3e56","Microsoft_Intune_Suite","0","1","0","2","OK"
"6","odl_user_2227182@otuwacne104120.onmicrosoft.com","3893deb4-f0fb-4ed9-b757-e61dfa8b3e56","AAD_PREMIUM_P2","0","3","0","5","OK"
"6","odl_user_2227182@otuwacne104120.onmicrosoft.com","3893deb4-f0fb-4ed9-b757-e61dfa8b3e56","TVM_Premium_Add_on","0","1","0","1","OK"
"6","odl_user_2227182@otuwacne104120.onmicrosoft.com","3893deb4-f0fb-4ed9-b757-e61dfa8b3e56","Microsoft_365_E5_(no_Teams)","0","1","0","1","OK"
"6","odl_user_2227183@otuwacne104121.onmicrosoft.com","fb1811e9-49d6-4f36-9cfa-9736068ff1c3","Microsoft_Intune_Suite","0","1","0","2","OK"
"6","odl_user_2227183@otuwacne104121.onmicrosoft.com","fb1811e9-49d6-4f36-9cfa-9736068ff1c3","AAD_PREMIUM_P2","0","3","0","5","OK"
"6","odl_user_2227183@otuwacne104121.onmicrosoft.com","fb1811e9-49d6-4f36-9cfa-9736068ff1c3","TVM_Premium_Add_on","0","1","0","1","OK"
"6","odl_user_2227183@otuwacne104121.onmicrosoft.com","fb1811e9-49d6-4f36-9cfa-9736068ff1c3","Microsoft_365_E5_(no_Teams)","0","1","0","1","OK"
"7","odl_user_2227184@otuwacne104122.onmicrosoft.com","6e05c535-b728-451c-9a0e-97db7f673313","Microsoft_Intune_Suite","0","1","0","2","OK"
"7","odl_user_2227184@otuwacne104122.onmicrosoft.com","6e05c535-b728-451c-9a0e-97db7f673313","AAD_PREMIUM_P2","0","3","0","5","OK"
"7","odl_user_2227184@otuwacne104122.onmicrosoft.com","6e05c535-b728-451c-9a0e-97db7f673313","TVM_Premium_Add_on","0","1","0","1","OK"
"7","odl_user_2227184@otuwacne104122.onmicrosoft.com","6e05c535-b728-451c-9a0e-97db7f673313","Microsoft_365_E5_(no_Teams)","0","1","0","1","OK"
"7","odl_user_2227185@otuwacne104123.onmicrosoft.com","c3800da4-49e2-448d-9aac-2288114a1bc2","Microsoft_Intune_Suite","0","1","0","2","OK"
"7","odl_user_2227185@otuwacne104123.onmicrosoft.com","c3800da4-49e2-448d-9aac-2288114a1bc2","AAD_PREMIUM_P2","0","3","0","5","OK"
"7","odl_user_2227185@otuwacne104123.onmicrosoft.com","c3800da4-49e2-448d-9aac-2288114a1bc2","TVM_Premium_Add_on","0","1","0","1","OK"
"7","odl_user_2227185@otuwacne104123.onmicrosoft.com","c3800da4-49e2-448d-9aac-2288114a1bc2","Microsoft_365_E5_(no_Teams)","0","1","0","1","OK"
"7","odl_user_2227186@otuwacne104124.onmicrosoft.com","569fd133-643c-4170-a080-04dd78f906f7","Microsoft_Intune_Suite","0","1","0","2","OK"
"7","odl_user_2227186@otuwacne104124.onmicrosoft.com","569fd133-643c-4170-a080-04dd78f906f7","AAD_PREMIUM_P2","0","3","0","5","OK"
"7","odl_user_2227186@otuwacne104124.onmicrosoft.com","569fd133-643c-4170-a080-04dd78f906f7","TVM_Premium_Add_on","0","1","0","1","OK"
"7","odl_user_2227186@otuwacne104124.onmicrosoft.com","569fd133-643c-4170-a080-04dd78f906f7","Microsoft_365_E5_(no_Teams)","0","1","0","1","OK"
"7","odl_user_2227187@otuwacne104125.onmicrosoft.com","ecec07ef-7622-4d94-ada4-010a62cad57c","Microsoft_Intune_Suite","0","1","0","2","OK"
"7","odl_user_2227187@otuwacne104125.onmicrosoft.com","ecec07ef-7622-4d94-ada4-010a62cad57c","AAD_PREMIUM_P2","0","3","0","5","OK"
"7","odl_user_2227187@otuwacne104125.onmicrosoft.com","ecec07ef-7622-4d94-ada4-010a62cad57c","TVM_Premium_Add_on","0","1","0","1","OK"
"7","odl_user_2227187@otuwacne104125.onmicrosoft.com","ecec07ef-7622-4d94-ada4-010a62cad57c","Microsoft_365_E5_(no_Teams)","0","1","0","1","OK"
"7","odl_user_2227188@otuwacne104126.onmicrosoft.com","1c5dca03-f1ac-4abf-a7af-087b59247da7","Microsoft_Intune_Suite","0","1","0","2","OK"
"7","odl_user_2227188@otuwacne104126.onmicrosoft.com","1c5dca03-f1ac-4abf-a7af-087b59247da7","AAD_PREMIUM_P2","0","3","0","5","OK"
"7","odl_user_2227188@otuwacne104126.onmicrosoft.com","1c5dca03-f1ac-4abf-a7af-087b59247da7","TVM_Premium_Add_on","0","1","0","1","OK"
"7","odl_user_2227188@otuwacne104126.onmicrosoft.com","1c5dca03-f1ac-4abf-a7af-087b59247da7","Microsoft_365_E5_(no_Teams)","0","1","0","1","OK"
"7","odl_user_2227190@otuwacne104128.onmicrosoft.com","5f1d34cd-eb20-46cf-99a2-01730a781c47","Microsoft_Intune_Suite","0","1","0","2","OK"
"7","odl_user_2227190@otuwacne104128.onmicrosoft.com","5f1d34cd-eb20-46cf-99a2-01730a781c47","AAD_PREMIUM_P2","0","3","0","5","OK"
"7","odl_user_2227190@otuwacne104128.onmicrosoft.com","5f1d34cd-eb20-46cf-99a2-01730a781c47","TVM_Premium_Add_on","0","1","0","1","OK"
"7","odl_user_2227190@otuwacne104128.onmicrosoft.com","5f1d34cd-eb20-46cf-99a2-01730a781c47","Microsoft_365_E5_(no_Teams)","0","1","0","1","OK"
"7","odl_user_2227191@otuwacne104129.onmicrosoft.com","b0d477f6-1dc1-4c03-9c5d-c46e208a8a50","Microsoft_Intune_Suite","0","1","0","2","OK"
"7","odl_user_2227191@otuwacne104129.onmicrosoft.com","b0d477f6-1dc1-4c03-9c5d-c46e208a8a50","AAD_PREMIUM_P2","0","3","0","5","OK"
"7","odl_user_2227191@otuwacne104129.onmicrosoft.com","b0d477f6-1dc1-4c03-9c5d-c46e208a8a50","TVM_Premium_Add_on","0","1","0","1","OK"
"7","odl_user_2227191@otuwacne104129.onmicrosoft.com","b0d477f6-1dc1-4c03-9c5d-c46e208a8a50","Microsoft_365_E5_(no_Teams)","0","1","0","1","OK"
"7","odl_user_2227192@otuwacne104130.onmicrosoft.com","ee754bde-eecb-49cb-8803-67e9a400d10d","Microsoft_Intune_Suite","0","1","0","2","OK"
"7","odl_user_2227192@otuwacne104130.onmicrosoft.com","ee754bde-eecb-49cb-8803-67e9a400d10d","AAD_PREMIUM_P2","0","3","0","5","OK"
"7","odl_user_2227192@otuwacne104130.onmicrosoft.com","ee754bde-eecb-49cb-8803-67e9a400d10d","TVM_Premium_Add_on","0","1","0","1","OK"
"7","odl_user_2227192@otuwacne104130.onmicrosoft.com","ee754bde-eecb-49cb-8803-67e9a400d10d","Microsoft_365_E5_(no_Teams)","0","1","0","1","OK"
"7","odl_user_2227193@otuwacne104131.onmicrosoft.com","a6dc2572-7b77-42a2-9b4e-57ec5bd268d7","Microsoft_Intune_Suite","0","1","0","2","OK"
"7","odl_user_2227193@otuwacne104131.onmicrosoft.com","a6dc2572-7b77-42a2-9b4e-57ec5bd268d7","AAD_PREMIUM_P2","0","3","0","5","OK"
"7","odl_user_2227193@otuwacne104131.onmicrosoft.com","a6dc2572-7b77-42a2-9b4e-57ec5bd268d7","TVM_Premium_Add_on","0","1","0","1","OK"
"7","odl_user_2227193@otuwacne104131.onmicrosoft.com","a6dc2572-7b77-42a2-9b4e-57ec5bd268d7","Microsoft_365_E5_(no_Teams)","0","1","0","1","OK"
"7","odl_user_2227194@otuwacne104132.onmicrosoft.com","8fe2827d-8b2b-4c93-bce5-a1551a1bd1dc","Microsoft_Intune_Suite","0","1","0","2","OK"
"7","odl_user_2227194@otuwacne104132.onmicrosoft.com","8fe2827d-8b2b-4c93-bce5-a1551a1bd1dc","AAD_PREMIUM_P2","0","3","0","5","OK"
"7","odl_user_2227194@otuwacne104132.onmicrosoft.com","8fe2827d-8b2b-4c93-bce5-a1551a1bd1dc","TVM_Premium_Add_on","0","1","0","1","OK"
"7","odl_user_2227194@otuwacne104132.onmicrosoft.com","8fe2827d-8b2b-4c93-bce5-a1551a1bd1dc","Microsoft_365_E5_(no_Teams)","0","1","0","1","OK"
"7","odl_user_2227195@otuwacne104133.onmicrosoft.com","e4a1f9f2-7af3-4974-98ab-9e83d5600a3a","Microsoft_Intune_Suite","0","1","0","2","OK"
"7","odl_user_2227195@otuwacne104133.onmicrosoft.com","e4a1f9f2-7af3-4974-98ab-9e83d5600a3a","AAD_PREMIUM_P2","0","3","0","5","OK"
"7","odl_user_2227195@otuwacne104133.onmicrosoft.com","e4a1f9f2-7af3-4974-98ab-9e83d5600a3a","TVM_Premium_Add_on","0","1","0","1","OK"
"7","odl_user_2227195@otuwacne104133.onmicrosoft.com","e4a1f9f2-7af3-4974-98ab-9e83d5600a3a","Microsoft_365_E5_(no_Teams)","0","1","0","1","OK"
"7","odl_user_2227196@otuwacne104134.onmicrosoft.com","89f4f531-14b0-4cdd-83a7-310930a58532","Microsoft_Intune_Suite","0","1","0","2","OK"
"7","odl_user_2227196@otuwacne104134.onmicrosoft.com","89f4f531-14b0-4cdd-83a7-310930a58532","AAD_PREMIUM_P2","0","3","0","5","OK"
"7","odl_user_2227196@otuwacne104134.onmicrosoft.com","89f4f531-14b0-4cdd-83a7-310930a58532","TVM_Premium_Add_on","0","1","0","1","OK"
"7","odl_user_2227196@otuwacne104134.onmicrosoft.com","89f4f531-14b0-4cdd-83a7-310930a58532","Microsoft_365_E5_(no_Teams)","0","1","0","1","OK"
"7","odl_user_2227197@otuwacne104135.onmicrosoft.com","f84f45de-6be6-47cc-a149-5258f35d9cad","Microsoft_Intune_Suite","0","1","0","2","OK"
"7","odl_user_2227197@otuwacne104135.onmicrosoft.com","f84f45de-6be6-47cc-a149-5258f35d9cad","AAD_PREMIUM_P2","0","3","0","5","OK"
"7","odl_user_2227197@otuwacne104135.onmicrosoft.com","f84f45de-6be6-47cc-a149-5258f35d9cad","TVM_Premium_Add_on","0","1","0","1","OK"
"7","odl_user_2227197@otuwacne104135.onmicrosoft.com","f84f45de-6be6-47cc-a149-5258f35d9cad","Microsoft_365_E5_(no_Teams)","0","1","0","1","OK"
"7","odl_user_2227198@otuwacne104136.onmicrosoft.com","a8fc8585-f687-4d5f-ab86-984f726c4246","Microsoft_Intune_Suite","0","1","0","2","OK"
"7","odl_user_2227198@otuwacne104136.onmicrosoft.com","a8fc8585-f687-4d5f-ab86-984f726c4246","AAD_PREMIUM_P2","0","3","0","5","OK"
"7","odl_user_2227198@otuwacne104136.onmicrosoft.com","a8fc8585-f687-4d5f-ab86-984f726c4246","TVM_Premium_Add_on","0","1","0","1","OK"
"7","odl_user_2227198@otuwacne104136.onmicrosoft.com","a8fc8585-f687-4d5f-ab86-984f726c4246","Microsoft_365_E5_(no_Teams)","0","1","0","1","OK"
"7","odl_user_2227199@otuwacne104137.onmicrosoft.com","5d13bb55-7cdc-4d58-827e-848a95692451","Microsoft_Intune_Suite","0","1","0","2","OK"
"7","odl_user_2227199@otuwacne104137.onmicrosoft.com","5d13bb55-7cdc-4d58-827e-848a95692451","AAD_PREMIUM_P2","0","3","0","5","OK"
"7","odl_user_2227199@otuwacne104137.onmicrosoft.com","5d13bb55-7cdc-4d58-827e-848a95692451","TVM_Premium_Add_on","0","1","0","1","OK"
"7","odl_user_2227199@otuwacne104137.onmicrosoft.com","5d13bb55-7cdc-4d58-827e-848a95692451","Microsoft_365_E5_(no_Teams)","0","1","0","1","OK"
"7","odl_user_2227200@otuwacne104138.onmicrosoft.com","862d9112-26a5-4649-9c63-31d9e5ad48e5","Microsoft_Intune_Suite","0","1","0","2","OK"
"7","odl_user_2227200@otuwacne104138.onmicrosoft.com","862d9112-26a5-4649-9c63-31d9e5ad48e5","AAD_PREMIUM_P2","0","3","0","5","OK"
"7","odl_user_2227200@otuwacne104138.onmicrosoft.com","862d9112-26a5-4649-9c63-31d9e5ad48e5","TVM_Premium_Add_on","0","1","0","1","OK"
"7","odl_user_2227200@otuwacne104138.onmicrosoft.com","862d9112-26a5-4649-9c63-31d9e5ad48e5","Microsoft_365_E5_(no_Teams)","0","1","0","1","OK"
"7","odl_user_2227201@otuwacne104139.onmicrosoft.com","942474ec-6b2f-48af-8956-813e59a0fbac","Microsoft_Intune_Suite","0","1","0","2","OK"
"7","odl_user_2227201@otuwacne104139.onmicrosoft.com","942474ec-6b2f-48af-8956-813e59a0fbac","AAD_PREMIUM_P2","0","3","0","5","OK"
"7","odl_user_2227201@otuwacne104139.onmicrosoft.com","942474ec-6b2f-48af-8956-813e59a0fbac","TVM_Premium_Add_on","0","1","0","1","OK"
"7","odl_user_2227201@otuwacne104139.onmicrosoft.com","942474ec-6b2f-48af-8956-813e59a0fbac","Microsoft_365_E5_(no_Teams)","0","1","0","1","OK"
"7","odl_user_2227202@otuwacne104140.onmicrosoft.com","509053f4-22dc-4dde-b965-5d669e8a1824","Microsoft_Intune_Suite","0","1","0","2","OK"
"7","odl_user_2227202@otuwacne104140.onmicrosoft.com","509053f4-22dc-4dde-b965-5d669e8a1824","AAD_PREMIUM_P2","0","3","0","5","OK"
"7","odl_user_2227202@otuwacne104140.onmicrosoft.com","509053f4-22dc-4dde-b965-5d669e8a1824","TVM_Premium_Add_on","0","1","0","1","OK"
"7","odl_user_2227202@otuwacne104140.onmicrosoft.com","509053f4-22dc-4dde-b965-5d669e8a1824","Microsoft_365_E5_(no_Teams)","0","1","0","1","OK"
"7","odl_user_2227227@otuwacne103892.onmicrosoft.com","3ac2ca41-8797-40fa-8aad-cf541dc22fa1","Microsoft_Intune_Suite","0","1","0","1","OK"
"7","odl_user_2227227@otuwacne103892.onmicrosoft.com","3ac2ca41-8797-40fa-8aad-cf541dc22fa1","AAD_PREMIUM_P2","0","3","0","5","OK"
"7","odl_user_2227227@otuwacne103892.onmicrosoft.com","3ac2ca41-8797-40fa-8aad-cf541dc22fa1","TVM_Premium_Add_on","0","1","0","1","OK"
"7","odl_user_2227227@otuwacne103892.onmicrosoft.com","3ac2ca41-8797-40fa-8aad-cf541dc22fa1","Microsoft_365_E5_(no_Teams)","0","1","0","1","OK"
"7","odl_user_2227228@otuwacne103897.onmicrosoft.com","5235136c-0b5b-4ea2-ad36-eb0283192b13","Microsoft_Intune_Suite","0","1","0","1","OK"
"7","odl_user_2227228@otuwacne103897.onmicrosoft.com","5235136c-0b5b-4ea2-ad36-eb0283192b13","AAD_PREMIUM_P2","0","3","0","5","OK"
"7","odl_user_2227228@otuwacne103897.onmicrosoft.com","5235136c-0b5b-4ea2-ad36-eb0283192b13","TVM_Premium_Add_on","0","1","0","1","OK"
"7","odl_user_2227228@otuwacne103897.onmicrosoft.com","5235136c-0b5b-4ea2-ad36-eb0283192b13","Microsoft_365_E5_(no_Teams)","0","1","0","1","OK"
"7","odl_user_2227229@otuwacne103900.onmicrosoft.com","e4a6773c-7631-47e7-bd97-a9c6a07470fc","Microsoft_Intune_Suite","0","1","0","1","OK"
"7","odl_user_2227229@otuwacne103900.onmicrosoft.com","e4a6773c-7631-47e7-bd97-a9c6a07470fc","AAD_PREMIUM_P2","0","3","0","5","OK"
"7","odl_user_2227229@otuwacne103900.onmicrosoft.com","e4a6773c-7631-47e7-bd97-a9c6a07470fc","TVM_Premium_Add_on","0","1","0","1","OK"
"7","odl_user_2227229@otuwacne103900.onmicrosoft.com","e4a6773c-7631-47e7-bd97-a9c6a07470fc","Microsoft_365_E5_(no_Teams)","0","1","0","1","OK"
"7","odl_user_2227230@otuwacne103902.onmicrosoft.com","92c7d10b-fc4b-419c-a770-e8686379a052","Microsoft_Intune_Suite","0","1","0","1","OK"
"7","odl_user_2227230@otuwacne103902.onmicrosoft.com","92c7d10b-fc4b-419c-a770-e8686379a052","AAD_PREMIUM_P2","0","3","0","5","OK"
"7","odl_user_2227230@otuwacne103902.onmicrosoft.com","92c7d10b-fc4b-419c-a770-e8686379a052","TVM_Premium_Add_on","0","1","0","1","OK"
"7","odl_user_2227230@otuwacne103902.onmicrosoft.com","92c7d10b-fc4b-419c-a770-e8686379a052","Microsoft_365_E5_(no_Teams)","0","1","0","1","OK"
"7","odl_user_2227231@otuwacne103906.onmicrosoft.com","d9b27f9e-99ba-4f26-9411-203e5ef21a7a","Microsoft_Intune_Suite","0","1","0","1","OK"
"7","odl_user_2227231@otuwacne103906.onmicrosoft.com","d9b27f9e-99ba-4f26-9411-203e5ef21a7a","AAD_PREMIUM_P2","0","3","0","5","OK"
"7","odl_user_2227231@otuwacne103906.onmicrosoft.com","d9b27f9e-99ba-4f26-9411-203e5ef21a7a","TVM_Premium_Add_on","0","1","0","1","OK"
"7","odl_user_2227231@otuwacne103906.onmicrosoft.com","d9b27f9e-99ba-4f26-9411-203e5ef21a7a","Microsoft_365_E5_(no_Teams)","0","1","0","1","OK"
"7","odl_user_2227232@otuwacne103930.onmicrosoft.com","9539a55d-3f7e-497f-812c-549f0b02a0a9","Microsoft_Intune_Suite","0","1","0","1","OK"
"7","odl_user_2227232@otuwacne103930.onmicrosoft.com","9539a55d-3f7e-497f-812c-549f0b02a0a9","AAD_PREMIUM_P2","0","3","0","5","OK"
"7","odl_user_2227232@otuwacne103930.onmicrosoft.com","9539a55d-3f7e-497f-812c-549f0b02a0a9","TVM_Premium_Add_on","0","1","0","1","OK"
"7","odl_user_2227232@otuwacne103930.onmicrosoft.com","9539a55d-3f7e-497f-812c-549f0b02a0a9","Microsoft_365_E5_(no_Teams)","0","1","0","1","OK"
"7","odl_user_2227233@otuwacne103937.onmicrosoft.com","91be7a1f-489d-411b-b325-6057a9c36c70","Microsoft_Intune_Suite","0","1","0","1","OK"
"7","odl_user_2227233@otuwacne103937.onmicrosoft.com","91be7a1f-489d-411b-b325-6057a9c36c70","AAD_PREMIUM_P2","0","3","0","5","OK"
"7","odl_user_2227233@otuwacne103937.onmicrosoft.com","91be7a1f-489d-411b-b325-6057a9c36c70","TVM_Premium_Add_on","0","1","0","1","OK"
"7","odl_user_2227233@otuwacne103937.onmicrosoft.com","91be7a1f-489d-411b-b325-6057a9c36c70","Microsoft_365_E5_(no_Teams)","0","1","0","1","OK"
"7","odl_user_2227234@otuwacne103946.onmicrosoft.com","ce2d853e-7aa7-4c09-9d3c-3ba7db826653","Microsoft_Intune_Suite","0","1","0","2","OK"
"7","odl_user_2227234@otuwacne103946.onmicrosoft.com","ce2d853e-7aa7-4c09-9d3c-3ba7db826653","AAD_PREMIUM_P2","0","3","0","5","OK"
"7","odl_user_2227234@otuwacne103946.onmicrosoft.com","ce2d853e-7aa7-4c09-9d3c-3ba7db826653","TVM_Premium_Add_on","0","1","0","1","OK"
"7","odl_user_2227234@otuwacne103946.onmicrosoft.com","ce2d853e-7aa7-4c09-9d3c-3ba7db826653","Microsoft_365_E5_(no_Teams)","0","1","0","1","OK"
"7","odl_user_2227235@otuwacne103947.onmicrosoft.com","76b4a96c-05d0-488d-9d65-d2f2c903dff6","Microsoft_Intune_Suite","0","1","0","2","OK"
"7","odl_user_2227235@otuwacne103947.onmicrosoft.com","76b4a96c-05d0-488d-9d65-d2f2c903dff6","AAD_PREMIUM_P2","0","3","0","5","OK"
"7","odl_user_2227235@otuwacne103947.onmicrosoft.com","76b4a96c-05d0-488d-9d65-d2f2c903dff6","TVM_Premium_Add_on","0","1","0","1","OK"
"7","odl_user_2227235@otuwacne103947.onmicrosoft.com","76b4a96c-05d0-488d-9d65-d2f2c903dff6","Microsoft_365_E5_(no_Teams)","0","1","0","1","OK"
"7","odl_user_2227236@otuwacne103950.onmicrosoft.com","2c3790df-5ea3-4041-beae-f56d674c9dc6","Microsoft_Intune_Suite","0","1","0","2","OK"
"7","odl_user_2227236@otuwacne103950.onmicrosoft.com","2c3790df-5ea3-4041-beae-f56d674c9dc6","AAD_PREMIUM_P2","0","3","0","5","OK"
"7","odl_user_2227236@otuwacne103950.onmicrosoft.com","2c3790df-5ea3-4041-beae-f56d674c9dc6","TVM_Premium_Add_on","0","1","0","1","OK"
"7","odl_user_2227236@otuwacne103950.onmicrosoft.com","2c3790df-5ea3-4041-beae-f56d674c9dc6","Microsoft_365_E5_(no_Teams)","0","1","0","1","OK"
"7","odl_user_2227237@otuwacne103956.onmicrosoft.com","265daf79-065a-4b05-8cff-f07a9c200303","Microsoft_Intune_Suite","0","1","0","2","OK"
"7","odl_user_2227237@otuwacne103956.onmicrosoft.com","265daf79-065a-4b05-8cff-f07a9c200303","AAD_PREMIUM_P2","0","3","0","5","OK"
"7","odl_user_2227237@otuwacne103956.onmicrosoft.com","265daf79-065a-4b05-8cff-f07a9c200303","TVM_Premium_Add_on","0","1","0","1","OK"
"7","odl_user_2227237@otuwacne103956.onmicrosoft.com","265daf79-065a-4b05-8cff-f07a9c200303","Microsoft_365_E5_(no_Teams)","0","1","0","1","OK"
"7","odl_user_2227238@otuwacne103957.onmicrosoft.com","a62bd3b3-81da-4d05-849f-7aa531392d00","Microsoft_Intune_Suite","0","1","0","2","OK"
"7","odl_user_2227238@otuwacne103957.onmicrosoft.com","a62bd3b3-81da-4d05-849f-7aa531392d00","AAD_PREMIUM_P2","0","3","0","5","OK"
"7","odl_user_2227238@otuwacne103957.onmicrosoft.com","a62bd3b3-81da-4d05-849f-7aa531392d00","TVM_Premium_Add_on","0","1","0","1","OK"
"7","odl_user_2227238@otuwacne103957.onmicrosoft.com","a62bd3b3-81da-4d05-849f-7aa531392d00","Microsoft_365_E5_(no_Teams)","0","1","0","1","OK"
"8","odl_user_2227239@otuwacne103958.onmicrosoft.com","39cc44fb-7d6d-477a-9d3e-8d297b8b7b27","Microsoft_Intune_Suite","0","1","0","2","OK"
"8","odl_user_2227239@otuwacne103958.onmicrosoft.com","39cc44fb-7d6d-477a-9d3e-8d297b8b7b27","AAD_PREMIUM_P2","0","3","0","5","OK"
"8","odl_user_2227239@otuwacne103958.onmicrosoft.com","39cc44fb-7d6d-477a-9d3e-8d297b8b7b27","TVM_Premium_Add_on","0","1","0","1","OK"
"8","odl_user_2227239@otuwacne103958.onmicrosoft.com","39cc44fb-7d6d-477a-9d3e-8d297b8b7b27","Microsoft_365_E5_(no_Teams)","0","1","0","1","OK"
"8","odl_user_2227240@otuwacne103960.onmicrosoft.com","d3e105f7-469f-424d-8951-c83ac7cf597d","Microsoft_Intune_Suite","0","1","0","2","OK"
"8","odl_user_2227240@otuwacne103960.onmicrosoft.com","d3e105f7-469f-424d-8951-c83ac7cf597d","AAD_PREMIUM_P2","0","3","0","5","OK"
"8","odl_user_2227240@otuwacne103960.onmicrosoft.com","d3e105f7-469f-424d-8951-c83ac7cf597d","TVM_Premium_Add_on","0","1","0","1","OK"
"8","odl_user_2227240@otuwacne103960.onmicrosoft.com","d3e105f7-469f-424d-8951-c83ac7cf597d","Microsoft_365_E5_(no_Teams)","0","1","0","1","OK"
"8","odl_user_2227241@otuwacne103971.onmicrosoft.com","ac3439e7-a87c-4d49-9ce6-e160f843b335","Microsoft_Intune_Suite","0","1","0","2","OK"
"8","odl_user_2227241@otuwacne103971.onmicrosoft.com","ac3439e7-a87c-4d49-9ce6-e160f843b335","AAD_PREMIUM_P2","0","3","0","5","OK"
"8","odl_user_2227241@otuwacne103971.onmicrosoft.com","ac3439e7-a87c-4d49-9ce6-e160f843b335","TVM_Premium_Add_on","0","1","0","1","OK"
"8","odl_user_2227241@otuwacne103971.onmicrosoft.com","ac3439e7-a87c-4d49-9ce6-e160f843b335","Microsoft_365_E5_(no_Teams)","0","1","0","1","OK"
"8","odl_user_2227242@otuwacne103974.onmicrosoft.com","b784a8bb-38ad-4d23-91dc-6fa18f32aaf1","Microsoft_Intune_Suite","0","1","0","2","OK"
"8","odl_user_2227242@otuwacne103974.onmicrosoft.com","b784a8bb-38ad-4d23-91dc-6fa18f32aaf1","AAD_PREMIUM_P2","0","3","0","5","OK"
"8","odl_user_2227242@otuwacne103974.onmicrosoft.com","b784a8bb-38ad-4d23-91dc-6fa18f32aaf1","TVM_Premium_Add_on","0","1","0","1","OK"
"8","odl_user_2227242@otuwacne103974.onmicrosoft.com","b784a8bb-38ad-4d23-91dc-6fa18f32aaf1","Microsoft_365_E5_(no_Teams)","0","1","0","1","OK"
"8","odl_user_2227243@otuwacne103977.onmicrosoft.com","3a6c6a6f-0ec1-41d3-ae2f-6c8619ccca0f","Microsoft_Intune_Suite","0","1","0","2","OK"
"8","odl_user_2227243@otuwacne103977.onmicrosoft.com","3a6c6a6f-0ec1-41d3-ae2f-6c8619ccca0f","AAD_PREMIUM_P2","0","3","0","5","OK"
"8","odl_user_2227243@otuwacne103977.onmicrosoft.com","3a6c6a6f-0ec1-41d3-ae2f-6c8619ccca0f","TVM_Premium_Add_on","0","1","0","1","OK"
"8","odl_user_2227243@otuwacne103977.onmicrosoft.com","3a6c6a6f-0ec1-41d3-ae2f-6c8619ccca0f","Microsoft_365_E5_(no_Teams)","0","1","0","1","OK"
"8","odl_user_2227244@otuwacne103989.onmicrosoft.com","7b89fd47-443d-426c-a9c3-ae01ee45bd46","Microsoft_Intune_Suite","0","1","0","2","OK"
"8","odl_user_2227244@otuwacne103989.onmicrosoft.com","7b89fd47-443d-426c-a9c3-ae01ee45bd46","AAD_PREMIUM_P2","0","3","0","5","OK"
"8","odl_user_2227244@otuwacne103989.onmicrosoft.com","7b89fd47-443d-426c-a9c3-ae01ee45bd46","TVM_Premium_Add_on","0","1","0","1","OK"
"8","odl_user_2227244@otuwacne103989.onmicrosoft.com","7b89fd47-443d-426c-a9c3-ae01ee45bd46","Microsoft_365_E5_(no_Teams)","0","1","0","1","OK"
"8","odl_user_2227245@otuwacne103999.onmicrosoft.com","0bbab552-d379-4e86-96e1-c86662064893","Microsoft_Intune_Suite","0","1","0","2","OK"
"8","odl_user_2227245@otuwacne103999.onmicrosoft.com","0bbab552-d379-4e86-96e1-c86662064893","AAD_PREMIUM_P2","0","3","0","5","OK"
"8","odl_user_2227245@otuwacne103999.onmicrosoft.com","0bbab552-d379-4e86-96e1-c86662064893","TVM_Premium_Add_on","0","1","0","1","OK"
"8","odl_user_2227245@otuwacne103999.onmicrosoft.com","0bbab552-d379-4e86-96e1-c86662064893","Microsoft_365_E5_(no_Teams)","0","1","0","1","OK"
"8","odl_user_2227246@otuwacne104009.onmicrosoft.com","dc7323a9-b2c3-4dbf-9d7e-59bc1832837d","Microsoft_Intune_Suite","0","1","0","2","OK"
"8","odl_user_2227246@otuwacne104009.onmicrosoft.com","dc7323a9-b2c3-4dbf-9d7e-59bc1832837d","AAD_PREMIUM_P2","0","3","0","5","OK"
"8","odl_user_2227246@otuwacne104009.onmicrosoft.com","dc7323a9-b2c3-4dbf-9d7e-59bc1832837d","TVM_Premium_Add_on","0","1","0","1","OK"
"8","odl_user_2227246@otuwacne104009.onmicrosoft.com","dc7323a9-b2c3-4dbf-9d7e-59bc1832837d","Microsoft_365_E5_(no_Teams)","0","1","0","1","OK"
"8","odl_user_2227253@otuwacne104119.onmicrosoft.com","3be3e040-71c5-44fb-b4dc-7bef5c379b15","Microsoft_Intune_Suite","0","1","0","2","OK"
"8","odl_user_2227253@otuwacne104119.onmicrosoft.com","3be3e040-71c5-44fb-b4dc-7bef5c379b15","AAD_PREMIUM_P2","0","3","0","5","OK"
"8","odl_user_2227253@otuwacne104119.onmicrosoft.com","3be3e040-71c5-44fb-b4dc-7bef5c379b15","TVM_Premium_Add_on","0","1","0","1","OK"
"8","odl_user_2227253@otuwacne104119.onmicrosoft.com","3be3e040-71c5-44fb-b4dc-7bef5c379b15","Microsoft_365_E5_(no_Teams)","0","1","0","1","OK"
"8","odl_user_2227321@otuwamsb105211.onmicrosoft.com","b219a7f1-5bd1-4c8d-b83c-b2542c3ffb12","Microsoft_Intune_Suite","0","1","0","1","OK"
"8","odl_user_2227321@otuwamsb105211.onmicrosoft.com","b219a7f1-5bd1-4c8d-b83c-b2542c3ffb12","AAD_PREMIUM_P2","0","3","0","5","OK"
"8","odl_user_2227321@otuwamsb105211.onmicrosoft.com","b219a7f1-5bd1-4c8d-b83c-b2542c3ffb12","TVM_Premium_Add_on","0","1","0","1","OK"
"8","odl_user_2227321@otuwamsb105211.onmicrosoft.com","b219a7f1-5bd1-4c8d-b83c-b2542c3ffb12","Microsoft_365_E5_(no_Teams)","0","1","0","1","OK"
"8","odl_user_2227322@otuwamsb105212.onmicrosoft.com","c06bb166-2d53-49ab-b4a1-224e72ea8e3d","Microsoft_Intune_Suite","0","1","0","1","OK"
"8","odl_user_2227322@otuwamsb105212.onmicrosoft.com","c06bb166-2d53-49ab-b4a1-224e72ea8e3d","AAD_PREMIUM_P2","0","3","0","5","OK"
"8","odl_user_2227322@otuwamsb105212.onmicrosoft.com","c06bb166-2d53-49ab-b4a1-224e72ea8e3d","TVM_Premium_Add_on","0","1","0","1","OK"
"8","odl_user_2227322@otuwamsb105212.onmicrosoft.com","c06bb166-2d53-49ab-b4a1-224e72ea8e3d","Microsoft_365_E5_(no_Teams)","0","1","0","1","OK"
"8","odl_user_2227323@otuwamsb105213.onmicrosoft.com","f2d98d65-9507-4902-8c4d-e9b66ae73e94","Microsoft_Intune_Suite","0","1","0","1","OK"
"8","odl_user_2227323@otuwamsb105213.onmicrosoft.com","f2d98d65-9507-4902-8c4d-e9b66ae73e94","AAD_PREMIUM_P2","0","3","0","5","OK"
"8","odl_user_2227323@otuwamsb105213.onmicrosoft.com","f2d98d65-9507-4902-8c4d-e9b66ae73e94","TVM_Premium_Add_on","0","1","0","1","OK"
"8","odl_user_2227323@otuwamsb105213.onmicrosoft.com","f2d98d65-9507-4902-8c4d-e9b66ae73e94","Microsoft_365_E5_(no_Teams)","0","1","0","1","OK"
"8","odl_user_2227324@otuwamsb105214.onmicrosoft.com","072a4eb6-06f2-4514-b1a5-40cd474e5b32","Microsoft_Intune_Suite","0","1","0","1","OK"
"8","odl_user_2227324@otuwamsb105214.onmicrosoft.com","072a4eb6-06f2-4514-b1a5-40cd474e5b32","AAD_PREMIUM_P2","0","3","0","5","OK"
"8","odl_user_2227324@otuwamsb105214.onmicrosoft.com","072a4eb6-06f2-4514-b1a5-40cd474e5b32","TVM_Premium_Add_on","0","1","0","1","OK"
"8","odl_user_2227324@otuwamsb105214.onmicrosoft.com","072a4eb6-06f2-4514-b1a5-40cd474e5b32","Microsoft_365_E5_(no_Teams)","0","1","0","1","OK"
"8","odl_user_2227325@otuwamsb105215.onmicrosoft.com","9259102a-27c4-469e-8509-5ada5fa942d2","Microsoft_Intune_Suite","0","1","0","1","OK"
"8","odl_user_2227325@otuwamsb105215.onmicrosoft.com","9259102a-27c4-469e-8509-5ada5fa942d2","AAD_PREMIUM_P2","0","3","0","5","OK"
"8","odl_user_2227325@otuwamsb105215.onmicrosoft.com","9259102a-27c4-469e-8509-5ada5fa942d2","TVM_Premium_Add_on","0","1","0","1","OK"
"8","odl_user_2227325@otuwamsb105215.onmicrosoft.com","9259102a-27c4-469e-8509-5ada5fa942d2","Microsoft_365_E5_(no_Teams)","0","1","0","1","OK"
"8","odl_user_2227326@otuwamsb105216.onmicrosoft.com","dfee0df5-2ed4-4dab-ae55-8d2cae4246ad","Microsoft_Intune_Suite","0","1","0","1","OK"
"8","odl_user_2227326@otuwamsb105216.onmicrosoft.com","dfee0df5-2ed4-4dab-ae55-8d2cae4246ad","AAD_PREMIUM_P2","0","3","0","5","OK"
"8","odl_user_2227326@otuwamsb105216.onmicrosoft.com","dfee0df5-2ed4-4dab-ae55-8d2cae4246ad","TVM_Premium_Add_on","0","1","0","1","OK"
"8","odl_user_2227326@otuwamsb105216.onmicrosoft.com","dfee0df5-2ed4-4dab-ae55-8d2cae4246ad","Microsoft_365_E5_(no_Teams)","0","1","0","1","OK"
"8","odl_user_2227327@otuwamsb105217.onmicrosoft.com","3493a69c-0640-45df-8242-3fdc33638b73","Microsoft_Intune_Suite","0","1","0","1","OK"
"8","odl_user_2227327@otuwamsb105217.onmicrosoft.com","3493a69c-0640-45df-8242-3fdc33638b73","AAD_PREMIUM_P2","0","3","0","5","OK"
"8","odl_user_2227327@otuwamsb105217.onmicrosoft.com","3493a69c-0640-45df-8242-3fdc33638b73","TVM_Premium_Add_on","0","1","0","1","OK"
"8","odl_user_2227327@otuwamsb105217.onmicrosoft.com","3493a69c-0640-45df-8242-3fdc33638b73","Microsoft_365_E5_(no_Teams)","0","1","0","1","OK"
"8","odl_user_2227328@otuwamsb105218.onmicrosoft.com","8ae0b0ec-7afd-497c-8daa-f3c49e838fee","Microsoft_Intune_Suite","0","1","0","1","OK"
"8","odl_user_2227328@otuwamsb105218.onmicrosoft.com","8ae0b0ec-7afd-497c-8daa-f3c49e838fee","AAD_PREMIUM_P2","0","3","0","5","OK"
"8","odl_user_2227328@otuwamsb105218.onmicrosoft.com","8ae0b0ec-7afd-497c-8daa-f3c49e838fee","TVM_Premium_Add_on","0","1","0","1","OK"
"8","odl_user_2227328@otuwamsb105218.onmicrosoft.com","8ae0b0ec-7afd-497c-8daa-f3c49e838fee","Microsoft_365_E5_(no_Teams)","0","1","0","1","OK"
"8","odl_user_2227330@otuwamsb105219.onmicrosoft.com","a0cf8f96-1ac5-4afd-8db5-c9409eb97ec6","Microsoft_Intune_Suite","0","1","0","1","OK"
"8","odl_user_2227330@otuwamsb105219.onmicrosoft.com","a0cf8f96-1ac5-4afd-8db5-c9409eb97ec6","AAD_PREMIUM_P2","0","3","0","5","OK"
"8","odl_user_2227330@otuwamsb105219.onmicrosoft.com","a0cf8f96-1ac5-4afd-8db5-c9409eb97ec6","TVM_Premium_Add_on","0","1","0","1","OK"
"8","odl_user_2227330@otuwamsb105219.onmicrosoft.com","a0cf8f96-1ac5-4afd-8db5-c9409eb97ec6","Microsoft_365_E5_(no_Teams)","0","1","0","1","OK"
"8","odl_user_2227331@otuwamsb105220.onmicrosoft.com","a8943aff-33c7-47da-8f21-2bb2967ce92e","Microsoft_Intune_Suite","0","1","0","1","OK"
"8","odl_user_2227331@otuwamsb105220.onmicrosoft.com","a8943aff-33c7-47da-8f21-2bb2967ce92e","AAD_PREMIUM_P2","0","3","0","5","OK"
"8","odl_user_2227331@otuwamsb105220.onmicrosoft.com","a8943aff-33c7-47da-8f21-2bb2967ce92e","TVM_Premium_Add_on","0","1","0","1","OK"
"8","odl_user_2227331@otuwamsb105220.onmicrosoft.com","a8943aff-33c7-47da-8f21-2bb2967ce92e","Microsoft_365_E5_(no_Teams)","0","1","0","1","OK"
"8","odl_user_2227332@otuwamsb105221.onmicrosoft.com","384256f0-2bf4-4ece-b56e-669dbc40c144","Microsoft_Intune_Suite","0","1","0","1","OK"
"8","odl_user_2227332@otuwamsb105221.onmicrosoft.com","384256f0-2bf4-4ece-b56e-669dbc40c144","AAD_PREMIUM_P2","0","3","0","5","OK"
"8","odl_user_2227332@otuwamsb105221.onmicrosoft.com","384256f0-2bf4-4ece-b56e-669dbc40c144","TVM_Premium_Add_on","0","1","0","1","OK"
"8","odl_user_2227332@otuwamsb105221.onmicrosoft.com","384256f0-2bf4-4ece-b56e-669dbc40c144","Microsoft_365_E5_(no_Teams)","0","1","0","1","OK"
"8","odl_user_2227335@otuwamsb105222.onmicrosoft.com","5ec9d0c7-955d-45ef-81a8-70ec8f91b57d","Microsoft_Intune_Suite","0","1","0","1","OK"
"8","odl_user_2227335@otuwamsb105222.onmicrosoft.com","5ec9d0c7-955d-45ef-81a8-70ec8f91b57d","AAD_PREMIUM_P2","0","3","0","5","OK"
"8","odl_user_2227335@otuwamsb105222.onmicrosoft.com","5ec9d0c7-955d-45ef-81a8-70ec8f91b57d","TVM_Premium_Add_on","0","1","0","1","OK"
"8","odl_user_2227335@otuwamsb105222.onmicrosoft.com","5ec9d0c7-955d-45ef-81a8-70ec8f91b57d","Microsoft_365_E5_(no_Teams)","0","1","0","1","OK"
"8","odl_user_2227336@otuwamsb105223.onmicrosoft.com","5c267637-ac7d-4a5f-85d3-5b7e889858e6","Microsoft_Intune_Suite","0","1","0","1","OK"
"8","odl_user_2227336@otuwamsb105223.onmicrosoft.com","5c267637-ac7d-4a5f-85d3-5b7e889858e6","AAD_PREMIUM_P2","0","3","0","5","OK"
"8","odl_user_2227336@otuwamsb105223.onmicrosoft.com","5c267637-ac7d-4a5f-85d3-5b7e889858e6","TVM_Premium_Add_on","0","1","0","1","OK"
"8","odl_user_2227336@otuwamsb105223.onmicrosoft.com","5c267637-ac7d-4a5f-85d3-5b7e889858e6","Microsoft_365_E5_(no_Teams)","0","1","0","1","OK"
"8","odl_user_2227337@otuwamsb105224.onmicrosoft.com","e3b087ee-1cce-4ce4-a343-01e0f41e636e","Microsoft_Intune_Suite","0","1","0","1","OK"
"8","odl_user_2227337@otuwamsb105224.onmicrosoft.com","e3b087ee-1cce-4ce4-a343-01e0f41e636e","AAD_PREMIUM_P2","0","3","0","5","OK"
"8","odl_user_2227337@otuwamsb105224.onmicrosoft.com","e3b087ee-1cce-4ce4-a343-01e0f41e636e","TVM_Premium_Add_on","0","1","0","1","OK"
"8","odl_user_2227337@otuwamsb105224.onmicrosoft.com","e3b087ee-1cce-4ce4-a343-01e0f41e636e","Microsoft_365_E5_(no_Teams)","0","1","0","1","OK"
"8","odl_user_2227339@otuwamsb105225.onmicrosoft.com","3e6f0842-e615-4808-9270-6b966df41d47","Microsoft_Intune_Suite","0","1","0","1","OK"
"8","odl_user_2227339@otuwamsb105225.onmicrosoft.com","3e6f0842-e615-4808-9270-6b966df41d47","AAD_PREMIUM_P2","0","3","0","5","OK"
"8","odl_user_2227339@otuwamsb105225.onmicrosoft.com","3e6f0842-e615-4808-9270-6b966df41d47","TVM_Premium_Add_on","0","1","0","1","OK"
"8","odl_user_2227339@otuwamsb105225.onmicrosoft.com","3e6f0842-e615-4808-9270-6b966df41d47","Microsoft_365_E5_(no_Teams)","0","1","0","1","OK"
"8","odl_user_2227342@otuwamsb105226.onmicrosoft.com","81f5bf38-3fed-4f42-bdcd-5c77867cd621","Microsoft_Intune_Suite","0","1","0","1","OK"
"8","odl_user_2227342@otuwamsb105226.onmicrosoft.com","81f5bf38-3fed-4f42-bdcd-5c77867cd621","AAD_PREMIUM_P2","0","3","0","5","OK"
"8","odl_user_2227342@otuwamsb105226.onmicrosoft.com","81f5bf38-3fed-4f42-bdcd-5c77867cd621","TVM_Premium_Add_on","0","1","0","1","OK"
"8","odl_user_2227342@otuwamsb105226.onmicrosoft.com","81f5bf38-3fed-4f42-bdcd-5c77867cd621","Microsoft_365_E5_(no_Teams)","0","1","0","1","OK"
"8","odl_user_2227343@otuwamsb105228.onmicrosoft.com","84b99fa8-3247-415c-9851-d27a10766a5e","Microsoft_Intune_Suite","0","1","0","1","OK"
"8","odl_user_2227343@otuwamsb105228.onmicrosoft.com","84b99fa8-3247-415c-9851-d27a10766a5e","AAD_PREMIUM_P2","0","3","0","5","OK"
"8","odl_user_2227343@otuwamsb105228.onmicrosoft.com","84b99fa8-3247-415c-9851-d27a10766a5e","TVM_Premium_Add_on","0","1","0","1","OK"
"8","odl_user_2227343@otuwamsb105228.onmicrosoft.com","84b99fa8-3247-415c-9851-d27a10766a5e","Microsoft_365_E5_(no_Teams)","0","1","0","1","OK"
"8","odl_user_2227345@otuwamsb105229.onmicrosoft.com","c82756c7-718c-474b-b771-7232a176bf91","Microsoft_Intune_Suite","0","1","0","1","OK"
"8","odl_user_2227345@otuwamsb105229.onmicrosoft.com","c82756c7-718c-474b-b771-7232a176bf91","AAD_PREMIUM_P2","0","3","0","5","OK"
"8","odl_user_2227345@otuwamsb105229.onmicrosoft.com","c82756c7-718c-474b-b771-7232a176bf91","TVM_Premium_Add_on","0","1","0","1","OK"
"8","odl_user_2227345@otuwamsb105229.onmicrosoft.com","c82756c7-718c-474b-b771-7232a176bf91","Microsoft_365_E5_(no_Teams)","0","1","0","1","OK"
"8","odl_user_2227346@otuwamsb105230.onmicrosoft.com","5844448d-914f-4e92-bbb1-f1593f977add","Microsoft_Intune_Suite","0","1","0","1","OK"
"8","odl_user_2227346@otuwamsb105230.onmicrosoft.com","5844448d-914f-4e92-bbb1-f1593f977add","AAD_PREMIUM_P2","0","3","0","5","OK"
"8","odl_user_2227346@otuwamsb105230.onmicrosoft.com","5844448d-914f-4e92-bbb1-f1593f977add","TVM_Premium_Add_on","0","1","0","1","OK"
"8","odl_user_2227346@otuwamsb105230.onmicrosoft.com","5844448d-914f-4e92-bbb1-f1593f977add","Microsoft_365_E5_(no_Teams)","0","1","0","1","OK"
"8","odl_user_2227414@otuwacne104045.onmicrosoft.com","19b58800-fcad-477c-9237-99743458566a","Microsoft_Intune_Suite","0","1","0","2","OK"
"8","odl_user_2227414@otuwacne104045.onmicrosoft.com","19b58800-fcad-477c-9237-99743458566a","AAD_PREMIUM_P2","0","3","0","5","OK"
"8","odl_user_2227414@otuwacne104045.onmicrosoft.com","19b58800-fcad-477c-9237-99743458566a","TVM_Premium_Add_on","0","1","0","1","OK"
"8","odl_user_2227414@otuwacne104045.onmicrosoft.com","19b58800-fcad-477c-9237-99743458566a","Microsoft_365_E5_(no_Teams)","0","1","0","1","OK"
"8","odl_user_2227418@otuwacne104046.onmicrosoft.com","902bb837-e7fc-4a20-91f9-0081760ee9dd","Microsoft_Intune_Suite","0","1","0","2","OK"
"8","odl_user_2227418@otuwacne104046.onmicrosoft.com","902bb837-e7fc-4a20-91f9-0081760ee9dd","AAD_PREMIUM_P2","0","3","0","5","OK"
"8","odl_user_2227418@otuwacne104046.onmicrosoft.com","902bb837-e7fc-4a20-91f9-0081760ee9dd","TVM_Premium_Add_on","0","1","0","1","OK"
"8","odl_user_2227418@otuwacne104046.onmicrosoft.com","902bb837-e7fc-4a20-91f9-0081760ee9dd","Microsoft_365_E5_(no_Teams)","0","1","0","1","OK"
"9","odl_user_2227421@otuwacne104047.onmicrosoft.com","77734408-ac11-4178-b5ec-73630f2227b4","Microsoft_Intune_Suite","0","1","0","2","OK"
"9","odl_user_2227421@otuwacne104047.onmicrosoft.com","77734408-ac11-4178-b5ec-73630f2227b4","AAD_PREMIUM_P2","0","3","0","5","OK"
"9","odl_user_2227421@otuwacne104047.onmicrosoft.com","77734408-ac11-4178-b5ec-73630f2227b4","TVM_Premium_Add_on","0","1","0","1","OK"
"9","odl_user_2227421@otuwacne104047.onmicrosoft.com","77734408-ac11-4178-b5ec-73630f2227b4","Microsoft_365_E5_(no_Teams)","0","1","0","1","OK"
"9","odl_user_2227423@otuwacne104049.onmicrosoft.com","216fec35-ebc6-473a-aed4-bdf4c31facbf","Microsoft_Intune_Suite","0","1","0","1","OK"
"9","odl_user_2227423@otuwacne104049.onmicrosoft.com","216fec35-ebc6-473a-aed4-bdf4c31facbf","AAD_PREMIUM_P2","0","3","0","5","OK"
"9","odl_user_2227423@otuwacne104049.onmicrosoft.com","216fec35-ebc6-473a-aed4-bdf4c31facbf","TVM_Premium_Add_on","0","1","0","1","OK"
"9","odl_user_2227423@otuwacne104049.onmicrosoft.com","216fec35-ebc6-473a-aed4-bdf4c31facbf","Microsoft_365_E5_(no_Teams)","0","1","0","1","OK"
"9","odl_user_2227495@otuwacne104054.onmicrosoft.com","a985cbb7-88f9-4098-817b-17a0801f2665","Microsoft_Intune_Suite","0","1","0","2","OK"
"9","odl_user_2227495@otuwacne104054.onmicrosoft.com","a985cbb7-88f9-4098-817b-17a0801f2665","AAD_PREMIUM_P2","0","3","0","4","OK"
"9","odl_user_2227495@otuwacne104054.onmicrosoft.com","a985cbb7-88f9-4098-817b-17a0801f2665","TVM_Premium_Add_on","0","1","0","1","OK"
"9","odl_user_2227495@otuwacne104054.onmicrosoft.com","a985cbb7-88f9-4098-817b-17a0801f2665","Microsoft_365_E5_(no_Teams)","0","1","0","1","OK"
"9","odl_user_2227496@otuwacne104055.onmicrosoft.com","b71f388f-ad82-4a51-8320-9c46b50b3e0a","Microsoft_Intune_Suite","0","1","0","2","OK"
"9","odl_user_2227496@otuwacne104055.onmicrosoft.com","b71f388f-ad82-4a51-8320-9c46b50b3e0a","AAD_PREMIUM_P2","0","3","0","5","OK"
"9","odl_user_2227496@otuwacne104055.onmicrosoft.com","b71f388f-ad82-4a51-8320-9c46b50b3e0a","TVM_Premium_Add_on","0","1","0","1","OK"
"9","odl_user_2227496@otuwacne104055.onmicrosoft.com","b71f388f-ad82-4a51-8320-9c46b50b3e0a","Microsoft_365_E5_(no_Teams)","0","1","0","1","OK"
"9","odl_user_2227498@otuwacne104056.onmicrosoft.com","8ac6dc4a-d3d5-4056-a4a5-0a34ca2a815f","Microsoft_Intune_Suite","0","1","0","2","OK"
"9","odl_user_2227498@otuwacne104056.onmicrosoft.com","8ac6dc4a-d3d5-4056-a4a5-0a34ca2a815f","AAD_PREMIUM_P2","0","3","0","4","OK"
"9","odl_user_2227498@otuwacne104056.onmicrosoft.com","8ac6dc4a-d3d5-4056-a4a5-0a34ca2a815f","TVM_Premium_Add_on","0","1","0","1","OK"
"9","odl_user_2227498@otuwacne104056.onmicrosoft.com","8ac6dc4a-d3d5-4056-a4a5-0a34ca2a815f","Microsoft_365_E5_(no_Teams)","0","1","0","1","OK"
"9","odl_user_2227500@otuwacne104057.onmicrosoft.com","291cd7a8-1ce2-416e-805c-737118443110","Microsoft_Intune_Suite","0","1","0","2","OK"
"9","odl_user_2227500@otuwacne104057.onmicrosoft.com","291cd7a8-1ce2-416e-805c-737118443110","AAD_PREMIUM_P2","0","3","0","5","OK"
"9","odl_user_2227500@otuwacne104057.onmicrosoft.com","291cd7a8-1ce2-416e-805c-737118443110","TVM_Premium_Add_on","0","1","0","1","OK"
"9","odl_user_2227500@otuwacne104057.onmicrosoft.com","291cd7a8-1ce2-416e-805c-737118443110","Microsoft_365_E5_(no_Teams)","0","1","0","1","OK"
"9","odl_user_2227501@otuwacne104058.onmicrosoft.com","13abbd0e-d7f3-46b2-8914-d99c3e4f0cff","Microsoft_Intune_Suite","0","1","0","2","OK"
"9","odl_user_2227501@otuwacne104058.onmicrosoft.com","13abbd0e-d7f3-46b2-8914-d99c3e4f0cff","AAD_PREMIUM_P2","0","3","0","5","OK"
"9","odl_user_2227501@otuwacne104058.onmicrosoft.com","13abbd0e-d7f3-46b2-8914-d99c3e4f0cff","TVM_Premium_Add_on","0","1","0","1","OK"
"9","odl_user_2227501@otuwacne104058.onmicrosoft.com","13abbd0e-d7f3-46b2-8914-d99c3e4f0cff","Microsoft_365_E5_(no_Teams)","0","1","0","1","OK"
"9","odl_user_2227502@otuwacne104060.onmicrosoft.com","71264e9d-8293-4fd8-b009-bb3b3af5bc37","Microsoft_Intune_Suite","0","1","0","2","OK"
"9","odl_user_2227502@otuwacne104060.onmicrosoft.com","71264e9d-8293-4fd8-b009-bb3b3af5bc37","AAD_PREMIUM_P2","0","3","0","5","OK"
"9","odl_user_2227502@otuwacne104060.onmicrosoft.com","71264e9d-8293-4fd8-b009-bb3b3af5bc37","TVM_Premium_Add_on","0","1","0","1","OK"
"9","odl_user_2227502@otuwacne104060.onmicrosoft.com","71264e9d-8293-4fd8-b009-bb3b3af5bc37","Microsoft_365_E5_(no_Teams)","0","1","0","1","OK"
"9","odl_user_2227503@otuwacne104061.onmicrosoft.com","381c927d-1cc2-4121-9356-a8353138f1fe","Microsoft_Intune_Suite","0","1","0","2","OK"
"9","odl_user_2227503@otuwacne104061.onmicrosoft.com","381c927d-1cc2-4121-9356-a8353138f1fe","AAD_PREMIUM_P2","0","3","0","4","OK"
"9","odl_user_2227503@otuwacne104061.onmicrosoft.com","381c927d-1cc2-4121-9356-a8353138f1fe","TVM_Premium_Add_on","0","1","0","1","OK"
"9","odl_user_2227503@otuwacne104061.onmicrosoft.com","381c927d-1cc2-4121-9356-a8353138f1fe","Microsoft_365_E5_(no_Teams)","0","1","0","1","OK"
"9","odl_user_2227506@otuwacne104062.onmicrosoft.com","3c4ae842-3499-4b7a-8b1b-aa96a9247b84","Microsoft_Intune_Suite","0","1","0","2","OK"
"9","odl_user_2227506@otuwacne104062.onmicrosoft.com","3c4ae842-3499-4b7a-8b1b-aa96a9247b84","AAD_PREMIUM_P2","0","3","0","5","OK"
"9","odl_user_2227506@otuwacne104062.onmicrosoft.com","3c4ae842-3499-4b7a-8b1b-aa96a9247b84","TVM_Premium_Add_on","0","1","0","1","OK"
"9","odl_user_2227506@otuwacne104062.onmicrosoft.com","3c4ae842-3499-4b7a-8b1b-aa96a9247b84","Microsoft_365_E5_(no_Teams)","0","1","0","1","OK"
"9","odl_user_2227507@otuwacne104063.onmicrosoft.com","88f61366-25a3-4be2-8bc3-587b96d8155a","Microsoft_Intune_Suite","0","1","0","2","OK"
"9","odl_user_2227507@otuwacne104063.onmicrosoft.com","88f61366-25a3-4be2-8bc3-587b96d8155a","AAD_PREMIUM_P2","0","3","0","4","OK"
"9","odl_user_2227507@otuwacne104063.onmicrosoft.com","88f61366-25a3-4be2-8bc3-587b96d8155a","TVM_Premium_Add_on","0","1","0","1","OK"
"9","odl_user_2227507@otuwacne104063.onmicrosoft.com","88f61366-25a3-4be2-8bc3-587b96d8155a","Microsoft_365_E5_(no_Teams)","0","1","0","1","OK"
"9","odl_user_2227508@otuwacne104064.onmicrosoft.com","3c536b65-eb06-4ed7-8faf-1c605ab94428","Microsoft_Intune_Suite","0","1","0","2","OK"
"9","odl_user_2227508@otuwacne104064.onmicrosoft.com","3c536b65-eb06-4ed7-8faf-1c605ab94428","AAD_PREMIUM_P2","0","3","0","5","OK"
"9","odl_user_2227508@otuwacne104064.onmicrosoft.com","3c536b65-eb06-4ed7-8faf-1c605ab94428","TVM_Premium_Add_on","0","1","0","1","OK"
"9","odl_user_2227508@otuwacne104064.onmicrosoft.com","3c536b65-eb06-4ed7-8faf-1c605ab94428","Microsoft_365_E5_(no_Teams)","0","1","0","1","OK"
"9","odl_user_2227510@otuwacne104041.onmicrosoft.com","79d1038c-f27a-4d93-bf0e-ee4d2fdae62b","Microsoft_Intune_Suite","0","1","0","2","OK"
"9","odl_user_2227510@otuwacne104041.onmicrosoft.com","79d1038c-f27a-4d93-bf0e-ee4d2fdae62b","AAD_PREMIUM_P2","0","3","0","5","OK"
"9","odl_user_2227510@otuwacne104041.onmicrosoft.com","79d1038c-f27a-4d93-bf0e-ee4d2fdae62b","TVM_Premium_Add_on","0","1","0","1","OK"
"9","odl_user_2227510@otuwacne104041.onmicrosoft.com","79d1038c-f27a-4d93-bf0e-ee4d2fdae62b","Microsoft_365_E5_(no_Teams)","0","1","0","1","OK"
"9","odl_user_2227511@otuwacne104042.onmicrosoft.com","d540b97b-ec12-4f42-bef5-79470a319815","Microsoft_Intune_Suite","0","1","0","2","OK"
"9","odl_user_2227511@otuwacne104042.onmicrosoft.com","d540b97b-ec12-4f42-bef5-79470a319815","AAD_PREMIUM_P2","0","3","0","4","OK"
"9","odl_user_2227511@otuwacne104042.onmicrosoft.com","d540b97b-ec12-4f42-bef5-79470a319815","TVM_Premium_Add_on","0","1","0","1","OK"
"9","odl_user_2227511@otuwacne104042.onmicrosoft.com","d540b97b-ec12-4f42-bef5-79470a319815","Microsoft_365_E5_(no_Teams)","0","1","0","1","OK"
"9","odl_user_2227512@otuwacne104043.onmicrosoft.com","63dac623-08bb-451c-a622-347b19fa3253","Microsoft_Intune_Suite","0","1","0","2","OK"
"9","odl_user_2227512@otuwacne104043.onmicrosoft.com","63dac623-08bb-451c-a622-347b19fa3253","AAD_PREMIUM_P2","0","3","0","4","OK"
"9","odl_user_2227512@otuwacne104043.onmicrosoft.com","63dac623-08bb-451c-a622-347b19fa3253","TVM_Premium_Add_on","0","1","0","1","OK"
"9","odl_user_2227512@otuwacne104043.onmicrosoft.com","63dac623-08bb-451c-a622-347b19fa3253","Microsoft_365_E5_(no_Teams)","0","1","0","1","OK"
"9","odl_user_2227513@otuwacne104044.onmicrosoft.com","6c0a9d46-6173-4874-8714-50a1e1b94bf9","Microsoft_Intune_Suite","0","1","0","2","OK"
"9","odl_user_2227513@otuwacne104044.onmicrosoft.com","6c0a9d46-6173-4874-8714-50a1e1b94bf9","AAD_PREMIUM_P2","0","3","0","5","OK"
"9","odl_user_2227513@otuwacne104044.onmicrosoft.com","6c0a9d46-6173-4874-8714-50a1e1b94bf9","TVM_Premium_Add_on","0","1","0","1","OK"
"9","odl_user_2227513@otuwacne104044.onmicrosoft.com","6c0a9d46-6173-4874-8714-50a1e1b94bf9","Microsoft_365_E5_(no_Teams)","0","1","0","1","OK"
"9","odl_user_2227812@otuwacne104051.onmicrosoft.com","bd1d8d04-fd95-4557-9f08-b06407244d6b","Microsoft_Intune_Suite","0","1","0","2","OK"
"9","odl_user_2227812@otuwacne104051.onmicrosoft.com","bd1d8d04-fd95-4557-9f08-b06407244d6b","AAD_PREMIUM_P2","0","3","0","5","OK"
"9","odl_user_2227812@otuwacne104051.onmicrosoft.com","bd1d8d04-fd95-4557-9f08-b06407244d6b","TVM_Premium_Add_on","0","1","0","1","OK"
"9","odl_user_2227812@otuwacne104051.onmicrosoft.com","bd1d8d04-fd95-4557-9f08-b06407244d6b","Microsoft_365_E5_(no_Teams)","0","1","0","1","OK"
"9","odl_user_2227813@otuwacne104053.onmicrosoft.com","98f9d77d-1215-4b90-9bbe-d392c883319e","Microsoft_Intune_Suite","0","1","0","2","OK"
"9","odl_user_2227813@otuwacne104053.onmicrosoft.com","98f9d77d-1215-4b90-9bbe-d392c883319e","AAD_PREMIUM_P2","0","3","0","5","OK"
"9","odl_user_2227813@otuwacne104053.onmicrosoft.com","98f9d77d-1215-4b90-9bbe-d392c883319e","TVM_Premium_Add_on","0","1","0","1","OK"
"9","odl_user_2227813@otuwacne104053.onmicrosoft.com","98f9d77d-1215-4b90-9bbe-d392c883319e","Microsoft_365_E5_(no_Teams)","0","1","0","1","OK"
"9","odl_user_2227821@otuwacne104048.onmicrosoft.com","b2e3fd79-e86e-4740-b21f-cb615998630f","Microsoft_Intune_Suite","0","1","0","2","OK"
"9","odl_user_2227821@otuwacne104048.onmicrosoft.com","b2e3fd79-e86e-4740-b21f-cb615998630f","AAD_PREMIUM_P2","0","3","0","5","OK"
"9","odl_user_2227821@otuwacne104048.onmicrosoft.com","b2e3fd79-e86e-4740-b21f-cb615998630f","TVM_Premium_Add_on","0","1","0","1","OK"
"9","odl_user_2227821@otuwacne104048.onmicrosoft.com","b2e3fd79-e86e-4740-b21f-cb615998630f","Microsoft_365_E5_(no_Teams)","0","1","0","1","OK"
"9","odl_user_2227825@otuwacne104065.onmicrosoft.com","a8b6ff49-e6cc-4ef1-8fda-115562db64c2","Microsoft_Intune_Suite","0","1","0","2","OK"
"9","odl_user_2227825@otuwacne104065.onmicrosoft.com","a8b6ff49-e6cc-4ef1-8fda-115562db64c2","AAD_PREMIUM_P2","0","3","0","5","OK"
"9","odl_user_2227825@otuwacne104065.onmicrosoft.com","a8b6ff49-e6cc-4ef1-8fda-115562db64c2","TVM_Premium_Add_on","0","1","0","1","OK"
"9","odl_user_2227825@otuwacne104065.onmicrosoft.com","a8b6ff49-e6cc-4ef1-8fda-115562db64c2","Microsoft_365_E5_(no_Teams)","0","1","0","1","OK"
"9","odl_user_2227827@otuwacne104050.onmicrosoft.com","fa81e0b3-2438-4b7f-a25f-f5e9493c57a8","Microsoft_Intune_Suite","0","1","0","4","OK"
"9","odl_user_2227827@otuwacne104050.onmicrosoft.com","fa81e0b3-2438-4b7f-a25f-f5e9493c57a8","AAD_PREMIUM_P2","0","3","0","5","OK"
"9","odl_user_2227827@otuwacne104050.onmicrosoft.com","fa81e0b3-2438-4b7f-a25f-f5e9493c57a8","TVM_Premium_Add_on","0","1","0","4","OK"
"9","odl_user_2227827@otuwacne104050.onmicrosoft.com","fa81e0b3-2438-4b7f-a25f-f5e9493c57a8","Microsoft_365_E5_(no_Teams)","0","1","0","4","OK"
"9","odl_user_2227842@otuwacne103923.onmicrosoft.com","1ef49286-1e9a-407f-8918-9a669b8d92de","Microsoft_Intune_Suite","2","1","0","0","OK"
"9","odl_user_2227842@otuwacne103923.onmicrosoft.com","1ef49286-1e9a-407f-8918-9a669b8d92de","AAD_PREMIUM_P2","5","3","0","0","OK"
"9","odl_user_2227842@otuwacne103923.onmicrosoft.com","1ef49286-1e9a-407f-8918-9a669b8d92de","TVM_Premium_Add_on","2","1","0","0","OK"
"9","odl_user_2227842@otuwacne103923.onmicrosoft.com","1ef49286-1e9a-407f-8918-9a669b8d92de","Microsoft_365_E5_(no_Teams)","2","1","0","0","OK"
"9","odl_user_2227843@otuwacne103926.onmicrosoft.com","8432a64e-a339-4256-a33e-d61c099f3734","Microsoft_Intune_Suite","0","1","0","2","OK"
"9","odl_user_2227843@otuwacne103926.onmicrosoft.com","8432a64e-a339-4256-a33e-d61c099f3734","AAD_PREMIUM_P2","0","3","0","5","OK"
"9","odl_user_2227843@otuwacne103926.onmicrosoft.com","8432a64e-a339-4256-a33e-d61c099f3734","TVM_Premium_Add_on","0","1","0","2","OK"
"9","odl_user_2227843@otuwacne103926.onmicrosoft.com","8432a64e-a339-4256-a33e-d61c099f3734","Microsoft_365_E5_(no_Teams)","0","1","0","2","OK"
"9","odl_user_2227844@otuwacne103982.onmicrosoft.com","7545508a-37a3-4323-a237-a1163e932970","Microsoft_Intune_Suite","0","1","0","2","OK"
"9","odl_user_2227844@otuwacne103982.onmicrosoft.com","7545508a-37a3-4323-a237-a1163e932970","AAD_PREMIUM_P2","0","3","0","5","OK"
"9","odl_user_2227844@otuwacne103982.onmicrosoft.com","7545508a-37a3-4323-a237-a1163e932970","TVM_Premium_Add_on","0","1","0","2","OK"
"9","odl_user_2227844@otuwacne103982.onmicrosoft.com","7545508a-37a3-4323-a237-a1163e932970","Microsoft_365_E5_(no_Teams)","0","1","0","2","OK"
"9","odl_user_2227845@otuwacne103991.onmicrosoft.com","13f4c7f8-6a94-417d-b9f1-5279cc5477a6","Microsoft_Intune_Suite","0","1","0","2","OK"
"9","odl_user_2227845@otuwacne103991.onmicrosoft.com","13f4c7f8-6a94-417d-b9f1-5279cc5477a6","AAD_PREMIUM_P2","0","3","0","5","OK"
"9","odl_user_2227845@otuwacne103991.onmicrosoft.com","13f4c7f8-6a94-417d-b9f1-5279cc5477a6","TVM_Premium_Add_on","0","1","0","2","OK"
"9","odl_user_2227845@otuwacne103991.onmicrosoft.com","13f4c7f8-6a94-417d-b9f1-5279cc5477a6","Microsoft_365_E5_(no_Teams)","0","1","0","2","OK"
"9","odl_user_2227846@otuwacne104127.onmicrosoft.com","238a79b4-9aed-4711-b036-b08ddb5a431c","Microsoft_Intune_Suite","0","1","0","2","OK"
"9","odl_user_2227846@otuwacne104127.onmicrosoft.com","238a79b4-9aed-4711-b036-b08ddb5a431c","AAD_PREMIUM_P2","0","3","0","5","OK"
"9","odl_user_2227846@otuwacne104127.onmicrosoft.com","238a79b4-9aed-4711-b036-b08ddb5a431c","TVM_Premium_Add_on","0","1","0","2","OK"
"9","odl_user_2227846@otuwacne104127.onmicrosoft.com","238a79b4-9aed-4711-b036-b08ddb5a431c","Microsoft_365_E5_(no_Teams)","0","1","0","2","OK"
"9","odl_user_2227848@otuwacne104092.onmicrosoft.com","12a022b4-b43f-489b-a469-80b71b114a0a","Microsoft_Intune_Suite","0","1","0","2","OK"
"9","odl_user_2227848@otuwacne104092.onmicrosoft.com","12a022b4-b43f-489b-a469-80b71b114a0a","AAD_PREMIUM_P2","0","3","0","5","OK"
"9","odl_user_2227848@otuwacne104092.onmicrosoft.com","12a022b4-b43f-489b-a469-80b71b114a0a","TVM_Premium_Add_on","0","1","0","2","OK"
"9","odl_user_2227848@otuwacne104092.onmicrosoft.com","12a022b4-b43f-489b-a469-80b71b114a0a","Microsoft_365_E5_(no_Teams)","0","1","0","2","OK"
"9","odl_user_2227855@otuwacne104080.onmicrosoft.com","7fd4cc0d-5d0e-4e1a-8011-81369b1e6ab5","Microsoft_Intune_Suite","0","1","0","2","OK"
"9","odl_user_2227855@otuwacne104080.onmicrosoft.com","7fd4cc0d-5d0e-4e1a-8011-81369b1e6ab5","AAD_PREMIUM_P2","0","3","0","5","OK"
"9","odl_user_2227855@otuwacne104080.onmicrosoft.com","7fd4cc0d-5d0e-4e1a-8011-81369b1e6ab5","TVM_Premium_Add_on","0","1","0","1","OK"
"9","odl_user_2227855@otuwacne104080.onmicrosoft.com","7fd4cc0d-5d0e-4e1a-8011-81369b1e6ab5","Microsoft_365_E5_(no_Teams)","0","1","0","1","OK"
"9","odl_user_2227856@otuwacne104099.onmicrosoft.com","2854b0c5-6ea9-4a94-bd35-5d555e97d7c7","Microsoft_Intune_Suite","0","1","0","2","OK"
"9","odl_user_2227856@otuwacne104099.onmicrosoft.com","2854b0c5-6ea9-4a94-bd35-5d555e97d7c7","AAD_PREMIUM_P2","0","3","0","5","OK"
"9","odl_user_2227856@otuwacne104099.onmicrosoft.com","2854b0c5-6ea9-4a94-bd35-5d555e97d7c7","TVM_Premium_Add_on","0","1","0","1","OK"
"9","odl_user_2227856@otuwacne104099.onmicrosoft.com","2854b0c5-6ea9-4a94-bd35-5d555e97d7c7","Microsoft_365_E5_(no_Teams)","0","1","0","1","OK"
